,Accepted_ID,Accepted_Name,Accepted_Species,Accepted_Species_ID,Accepted_Rank,try_Snippet,powo_Snippet,Compiled_Sources
0,1010207-2,Libidibia coriaria,Libidibia coriaria,1010207-2,Species,Stem thorny:yes,,"['TRY (Wang, Han; Harrison, Sandy P; Prentice, Iain Colin; Yang, Yanzheng; Bai, Fan; Furstenau Togashi, Henrique; Wang, Meng; Zhou, Shuangxi; Ni, Jian (2017): The China Plant Trait Database. PANGAEA, https://doi.org/10.1594/PANGAEA.871819)']"
1,1013601-1,Flueggea virosa,Flueggea virosa,1013601-1,Species,Spinescence / thorniness:1,,"['TRY (Joseph, G.S., Seymour, C.L., Cumming, G.S., Cumming, D.H.M., & Mahlangu, Z. 2014. Termite mounds increase functional diversity of woody plants in African savannas. Ecosystems 17: 808\x96819.)']"
2,1015340-1,Gamblea ciliata var. evodiifolia,Gamblea ciliata,90502-1,Variety,Leaf spines:marginal,,"['TRY (Wang, Han; Harrison, Sandy P; Prentice, Iain Colin; Yang, Yanzheng; Bai, Fan; Furstenau Togashi, Henrique; Wang, Meng; Zhou, Shuangxi; Ni, Jian (2017): The China Plant Trait Database. PANGAEA, https://doi.org/10.1594/PANGAEA.871819)']"
3,106335-3,Rubus alceifolius,Rubus alceifolius,106335-3,Species,"Leaf spines:midrib/veins,Stem thorny:yes",,"['TRY (Wang, Han; Harrison, Sandy P; Prentice, Iain Colin; Yang, Yanzheng; Bai, Fan; Furstenau Togashi, Henrique; Wang, Meng; Zhou, Shuangxi; Ni, Jian (2017): The China Plant Trait Database. PANGAEA, https://doi.org/10.1594/PANGAEA.871819)']"
4,1067586-2,Petasites japonicus,Petasites japonicus,1067586-2,Species,Leaf spines:marginal,,"['TRY (Wang, Han; Harrison, Sandy P; Prentice, Iain Colin; Yang, Yanzheng; Bai, Fan; Furstenau Togashi, Henrique; Wang, Meng; Zhou, Shuangxi; Ni, Jian (2017): The China Plant Trait Database. PANGAEA, https://doi.org/10.1594/PANGAEA.871819)']"
5,106792-1,Berberis japonica,Berberis japonica,106792-1,Species,"Leaf Spines: marginal:yes,Leaf spines:marginal",,"['TRY (Prentice, I.C., Meng, T., Wang, H., Harrison, S.P., Ni, J., Wang, G., 2011. Evidence for a universal scaling relationship of leaf CO2 drawdown along a moisture gradient. New Phytologist 190: 169\x96180)']"
6,107314-1,Epimedium sagittatum,Epimedium sagittatum,107314-1,Species,Leaf spines:marginal,,"['TRY (Wang, Han; Harrison, Sandy P; Prentice, Iain Colin; Yang, Yanzheng; Bai, Fan; Furstenau Togashi, Henrique; Wang, Meng; Zhou, Shuangxi; Ni, Jian (2017): The China Plant Trait Database. PANGAEA, https://doi.org/10.1594/PANGAEA.871819)']"
7,111560-1,Dovyalis caffra,Dovyalis caffra,111560-1,Species,Thorn / spine length:2.96mm,,"['TRY (van der Plas, F. & Olff, H. (2014) Mesoherbivores affect grasshopper communities in a megaherbivore-dominated South African savannah. Oecologia 175: 639. doi:10.1007/s00442-014-2920-z)']"
8,112078-1,Scolopia mundii,Scolopia mundii,112078-1,Species,"Thorn / spine length:1.98mm,Thorn / spine length:2.03mm",,"['TRY (van der Plas, F. & Olff, H. (2014) Mesoherbivores affect grasshopper communities in a megaherbivore-dominated South African savannah. Oecologia 175: 639. doi:10.1007/s00442-014-2920-z)']"
9,144523-1,Platycodon grandiflorus,Platycodon grandiflorus,144523-1,Species,"Leaf Spines: marginal:yes,Leaf spines:marginal",,"['TRY (Prentice, I.C., Meng, T., Wang, H., Harrison, S.P., Ni, J., Wang, G., 2011. Evidence for a universal scaling relationship of leaf CO2 drawdown along a moisture gradient. New Phytologist 190: 169\x96180)']"
10,146769-1,Capparis sepiaria,Capparis sepiaria,146769-1,Species,Spinescence / thorniness:yes,,"['TRY (Onstein RE, Richard J. Carter, Yaowu Xing, H. Peter LinderInstitute (2014) Diversification rate shifts in the Cape Floristic Region: The right traits in the right place at the right time. Perspectives in Plant Ecology, Evolution and Systematics 16(6) 331\x96340 DOI:10.1016/j.ppees.2014.08.002)']"
11,146824-1,Capparis tomentosa,Capparis tomentosa,146824-1,Species,Spinescence / thorniness:3,,"['TRY (Joseph, G.S., Seymour, C.L., Cumming, G.S., Cumming, D.H.M., & Mahlangu, Z. 2014. Termite mounds increase functional diversity of woody plants in African savannas. Ecosystems 17: 808\x96819.)']"
12,146888-1,Capparis yunnanensis,Capparis yunnanensis,146888-1,Species,Stem thorny:yes,,"['TRY (Wang, Han; Harrison, Sandy P; Prentice, Iain Colin; Yang, Yanzheng; Bai, Fan; Furstenau Togashi, Henrique; Wang, Meng; Zhou, Shuangxi; Ni, Jian (2017): The China Plant Trait Database. PANGAEA, https://doi.org/10.1594/PANGAEA.871819)']"
13,160299-1,Celastrus gemmatus,Celastrus gemmatus,160299-1,Species,"Leaf Spines: marginal:yes,Leaf spines:marginal",,"['TRY (Prentice, I.C., Meng, T., Wang, H., Harrison, S.P., Ni, J., Wang, G., 2011. Evidence for a universal scaling relationship of leaf CO2 drawdown along a moisture gradient. New Phytologist 190: 169\x96180)']"
14,160316-1,Celastrus hindsii,Celastrus hindsii,160316-1,Species,"Leaf Spines: marginal:yes,Leaf spines:marginal",,"['TRY (Prentice, I.C., Meng, T., Wang, H., Harrison, S.P., Ni, J., Wang, G., 2011. Evidence for a universal scaling relationship of leaf CO2 drawdown along a moisture gradient. New Phytologist 190: 169\x96180)']"
15,161166-1,Euonymus vagans,Euonymus vagans,161166-1,Species,Stem thorny:yes,,"['TRY (Wang, Han; Harrison, Sandy P; Prentice, Iain Colin; Yang, Yanzheng; Bai, Fan; Furstenau Togashi, Henrique; Wang, Meng; Zhou, Shuangxi; Ni, Jian (2017): The China Plant Trait Database. PANGAEA, https://doi.org/10.1594/PANGAEA.871819)']"
16,161275-1,Gymnosporia acuminata,Gymnosporia acuminata,161275-1,Species,"Leaf spines:terminal,Stem spiny:yes",,"['TRY (Wang, Han; Harrison, Sandy P; Prentice, Iain Colin; Yang, Yanzheng; Bai, Fan; Furstenau Togashi, Henrique; Wang, Meng; Zhou, Shuangxi; Ni, Jian (2017): The China Plant Trait Database. PANGAEA, https://doi.org/10.1594/PANGAEA.871819)']"
17,161310-1,Gymnosporia buxifolia,Gymnosporia buxifolia,161310-1,Species,"Spinescence / thorniness:yes,Thorn / spine length:1.5mm,Thorn / spine length:1.67mm,Thorn / spine length:1.76mm,Thorn / spine length:2.16mm",,"['TRY (Onstein RE, Richard J. Carter, Yaowu Xing, H. Peter LinderInstitute (2014) Diversification rate shifts in the Cape Floristic Region: The right traits in the right place at the right time. Perspectives in Plant Ecology, Evolution and Systematics 16(6) 331\x96340 DOI:10.1016/j.ppees.2014.08.002)']"
18,161402-1,Gymnosporia nemorosa,Gymnosporia nemorosa,161402-1,Species,"Thorn / spine length:1.66mm,Thorn / spine length:2.24mm,Thorn / spine length:2.42mm",,"['TRY (van der Plas, F. & Olff, H. (2014) Mesoherbivores affect grasshopper communities in a megaherbivore-dominated South African savannah. Oecologia 175: 639. doi:10.1007/s00442-014-2920-z)']"
19,161441-1,Gymnosporia senegalensis,Gymnosporia senegalensis,161441-1,Species,Thorn / spine length:2.26mm,,"['TRY (van der Plas, F. & Olff, H. (2014) Mesoherbivores affect grasshopper communities in a megaherbivore-dominated South African savannah. Oecologia 175: 639. doi:10.1007/s00442-014-2920-z)']"
20,162115-1,Maytenus undata,Maytenus undata,162115-1,Species,"Thorn / spine length:1.05mm,Thorn / spine length:1.64mm",,"['TRY (van der Plas, F. & Olff, H. (2014) Mesoherbivores affect grasshopper communities in a megaherbivore-dominated South African savannah. Oecologia 175: 639. doi:10.1007/s00442-014-2920-z)']"
21,163329-1,Agathophora alopecuroides,Agathophora alopecuroides,163329-1,Species,Spinescence / thorniness:Presence,,"[""TRY (Frenette-Dussault, C., Shipley, B., Léger, J.F., Meziane, D. & Hingrat, Y. (2012). Functional structure of an arid steppe plant community reveals similarities with Grime's C-S-R theory. Journal of Vegetation Science 23: 208-222.)""]"
22,164656-1,Ceratocarpus arenarius,Ceratocarpus arenarius,164656-1,Species,Other spines/thorns:yes,,"['TRY (Prentice, I.C., Meng, T., Wang, H., Harrison, S.P., Ni, J., Wang, G., 2011. Evidence for a universal scaling relationship of leaf CO2 drawdown along a moisture gradient. New Phytologist 190: 169\x96180)']"
23,165370-1,Corispermum chinganicum,Corispermum chinganicum,165370-1,Species,"Leaf Spines: lower:yes,Leaf spines: upper:yes,Leaf spines:adaxial and abaxial",,"['TRY (Prentice, I.C., Meng, T., Wang, H., Harrison, S.P., Ni, J., Wang, G., 2011. Evidence for a universal scaling relationship of leaf CO2 drawdown along a moisture gradient. New Phytologist 190: 169\x96180)']"
24,165456-1,Corispermum squarrosum,Corispermum squarrosum,165456-1,Species,"Leaf Spines: lower:yes,Leaf spines: upper:yes,Leaf spines:adaxial and abaxial,Stem spiny:yes",,"['TRY (Prentice, I.C., Meng, T., Wang, H., Harrison, S.P., Ni, J., Wang, G., 2011. Evidence for a universal scaling relationship of leaf CO2 drawdown along a moisture gradient. New Phytologist 190: 169\x96180)']"
25,166172-1,Nanophyton erinaceum,Nanophyton erinaceum,166172-1,Species,"Leaf Spines: terminal:yes,Leaf spines:terminal",,"['TRY (Prentice, I.C., Meng, T., Wang, H., Harrison, S.P., Ni, J., Wang, G., 2011. Evidence for a universal scaling relationship of leaf CO2 drawdown along a moisture gradient. New Phytologist 190: 169\x96180)']"
26,166200-1,Noaea mucronata,Noaea mucronata,166200-1,Species,Spinescence / thorniness:Presence,,"[""TRY (Frenette-Dussault, C., Shipley, B., Léger, J.F., Meziane, D. & Hingrat, Y. (2012). Functional structure of an arid steppe plant community reveals similarities with Grime's C-S-R theory. Journal of Vegetation Science 23: 208-222.)""]"
27,166737-1,Salsola collina,Salsola collina,166737-1,Species,Leaf Spines: terminal:yes,,"['TRY (Prentice, I.C., Meng, T., Wang, H., Harrison, S.P., Ni, J., Wang, G., 2011. Evidence for a universal scaling relationship of leaf CO2 drawdown along a moisture gradient. New Phytologist 190: 169\x96180)']"
28,167596-1,Sympegma regelii,Sympegma regelii,167596-1,Species,Other spines/thorns:yes,,"['TRY (Prentice, I.C., Meng, T., Wang, H., Harrison, S.P., Ni, J., Wang, G., 2011. Evidence for a universal scaling relationship of leaf CO2 drawdown along a moisture gradient. New Phytologist 190: 169\x96180)']"
29,170296-1,Combretum mossambicense,Combretum mossambicense,170296-1,Species,Spinescence / thorniness:2,,"['TRY (Joseph, G.S., Seymour, C.L., Cumming, G.S., Cumming, D.H.M., & Mahlangu, Z. 2014. Termite mounds increase functional diversity of woody plants in African savannas. Ecosystems 17: 808\x96819.)']"
30,171264-1,Terminalia myriocarpa,Terminalia myriocarpa,171264-1,Species,Leaf spines:marginal,,"['TRY (Wang, Han; Harrison, Sandy P; Prentice, Iain Colin; Yang, Yanzheng; Bai, Fan; Furstenau Togashi, Henrique; Wang, Meng; Zhou, Shuangxi; Ni, Jian (2017): The China Plant Trait Database. PANGAEA, https://doi.org/10.1594/PANGAEA.871819)']"
31,175773-1,Ainsliaea spicata,Ainsliaea spicata,175773-1,Species,Leaf spines:marginal,,"['TRY (Wang, Han; Harrison, Sandy P; Prentice, Iain Colin; Yang, Yanzheng; Bai, Fan; Furstenau Togashi, Henrique; Wang, Meng; Zhou, Shuangxi; Ni, Jian (2017): The China Plant Trait Database. PANGAEA, https://doi.org/10.1594/PANGAEA.871819)']"
32,179677-1,Artemisia keiskeana,Artemisia keiskeana,179677-1,Species,"Leaf Spines: terminal:yes,Leaf spines:terminal",,"['TRY (Prentice, I.C., Meng, T., Wang, H., Harrison, S.P., Ni, J., Wang, G., 2011. Evidence for a universal scaling relationship of leaf CO2 drawdown along a moisture gradient. New Phytologist 190: 169\x96180)']"
33,182930-1,Atractylis humilis,Atractylis humilis,182930-1,Species,Thorn / spine length:2mm,,"['TRY (Díaz, S., J. G. Hodgson, K. Thompson, M. Cabido, J. H. C. Cornelissen, A. Jalili, G. Montserrat-Martí, J. P. Grime, F. Zarrinkamar, Y. Asri, S. R. Band, S. Basconcelo, P. Castro-Díez, G. Funes, B. Hamzehee, M. Khoshnevi, N. Pérez-Harguindeguy, M. C. Pérez-Rontomé, F. A. Shirvany, F. Vendramini, S. Yazdani, R. Abbas-Azimi, A. Bogaard, S. Boustani, M. Charles, M. Dehghan, L. de Torres-Espuny, V. Falczuk, J. Guerrero-Campo, A. Hynd, G. Jones, E. Kowsary, F. Kazemi-Saeed, M. Maestro-Martínez, A. Romo-Díez, S. Shaw, B. Siavash, P. Villar-Salvador, and M. R. Zak. 2004. The plant traits that drive ecosystems: Evidence from three continents. Journal of Vegetation Science 15:295-304.)']"
34,182976-1,Atractylodes lancea,Atractylodes lancea,182976-1,Species,"Leaf Spines: marginal:yes,Leaf spines:marginal",,"['TRY (Prentice, I.C., Meng, T., Wang, H., Harrison, S.P., Ni, J., Wang, G., 2011. Evidence for a universal scaling relationship of leaf CO2 drawdown along a moisture gradient. New Phytologist 190: 169\x96180)']"
35,189049-1,Carduus seminudus,Carduus seminudus,189049-1,Species,Thorn / spine length:2mm,,"['TRY (Díaz, S., J. G. Hodgson, K. Thompson, M. Cabido, J. H. C. Cornelissen, A. Jalili, G. Montserrat-Martí, J. P. Grime, F. Zarrinkamar, Y. Asri, S. R. Band, S. Basconcelo, P. Castro-Díez, G. Funes, B. Hamzehee, M. Khoshnevi, N. Pérez-Harguindeguy, M. C. Pérez-Rontomé, F. A. Shirvany, F. Vendramini, S. Yazdani, R. Abbas-Azimi, A. Bogaard, S. Boustani, M. Charles, M. Dehghan, L. de Torres-Espuny, V. Falczuk, J. Guerrero-Campo, A. Hynd, G. Jones, E. Kowsary, F. Kazemi-Saeed, M. Maestro-Martínez, A. Romo-Díez, S. Shaw, B. Siavash, P. Villar-Salvador, and M. R. Zak. 2004. The plant traits that drive ecosystems: Evidence from three continents. Journal of Vegetation Science 15:295-304.)']"
36,189225-1,Carlina biebersteinii,Carlina biebersteinii,189225-1,Species,"Leaf Spines: lower:yes,Leaf spines: upper:yes,Leaf spines:adaxial and abaxial",,"['TRY (Prentice, I.C., Meng, T., Wang, H., Harrison, S.P., Ni, J., Wang, G., 2011. Evidence for a universal scaling relationship of leaf CO2 drawdown along a moisture gradient. New Phytologist 190: 169\x96180)']"
37,195034-1,Cirsium arvense,Cirsium arvense,195034-1,Species,"Thorn / spine length:4mm,Thorn / spine length:5mm",,"['TRY (Díaz, S., J. G. Hodgson, K. Thompson, M. Cabido, J. H. C. Cornelissen, A. Jalili, G. Montserrat-Martí, J. P. Grime, F. Zarrinkamar, Y. Asri, S. R. Band, S. Basconcelo, P. Castro-Díez, G. Funes, B. Hamzehee, M. Khoshnevi, N. Pérez-Harguindeguy, M. C. Pérez-Rontomé, F. A. Shirvany, F. Vendramini, S. Yazdani, R. Abbas-Azimi, A. Bogaard, S. Boustani, M. Charles, M. Dehghan, L. de Torres-Espuny, V. Falczuk, J. Guerrero-Campo, A. Hynd, G. Jones, E. Kowsary, F. Kazemi-Saeed, M. Maestro-Martínez, A. Romo-Díez, S. Shaw, B. Siavash, P. Villar-Salvador, and M. R. Zak. 2004. The plant traits that drive ecosystems: Evidence from three continents. Journal of Vegetation Science 15:295-304.)']"
38,196191-1,Cirsium vulgare,Cirsium vulgare,196191-1,Species,Thorn / spine length:8mm,,"['TRY (Díaz, S., J. G. Hodgson, K. Thompson, M. Cabido, J. H. C. Cornelissen, A. Jalili, G. Montserrat-Martí, J. P. Grime, F. Zarrinkamar, Y. Asri, S. R. Band, S. Basconcelo, P. Castro-Díez, G. Funes, B. Hamzehee, M. Khoshnevi, N. Pérez-Harguindeguy, M. C. Pérez-Rontomé, F. A. Shirvany, F. Vendramini, S. Yazdani, R. Abbas-Azimi, A. Bogaard, S. Boustani, M. Charles, M. Dehghan, L. de Torres-Espuny, V. Falczuk, J. Guerrero-Campo, A. Hynd, G. Jones, E. Kowsary, F. Kazemi-Saeed, M. Maestro-Martínez, A. Romo-Díez, S. Shaw, B. Siavash, P. Villar-Salvador, and M. R. Zak. 2004. The plant traits that drive ecosystems: Evidence from three continents. Journal of Vegetation Science 15:295-304.)']"
39,199488-1,Crassocephalum crepidioides,Crassocephalum crepidioides,199488-1,Species,Leaf spines:marginal,,"['TRY (Wang, Han; Harrison, Sandy P; Prentice, Iain Colin; Yang, Yanzheng; Bai, Fan; Furstenau Togashi, Henrique; Wang, Meng; Zhou, Shuangxi; Ni, Jian (2017): The China Plant Trait Database. PANGAEA, https://doi.org/10.1594/PANGAEA.871819)']"
40,20008182-1,Pollia thyrsiflora,Pollia thyrsiflora,20008182-1,Species,Leaf spines:adaxial,,"['TRY (Wang, Han; Harrison, Sandy P; Prentice, Iain Colin; Yang, Yanzheng; Bai, Fan; Furstenau Togashi, Henrique; Wang, Meng; Zhou, Shuangxi; Ni, Jian (2017): The China Plant Trait Database. PANGAEA, https://doi.org/10.1594/PANGAEA.871819)']"
41,200695-1,Cullumia bisulca,Cullumia bisulca,200695-1,Species,Spinescence / thorniness:yes,,"['TRY (Onstein RE, Richard J. Carter, Yaowu Xing, H. Peter LinderInstitute (2014) Diversification rate shifts in the Cape Floristic Region: The right traits in the right place at the right time. Perspectives in Plant Ecology, Evolution and Systematics 16(6) 331\x96340 DOI:10.1016/j.ppees.2014.08.002)']"
42,202508-1,Echinops gmelinii,Echinops gmelinii,202508-1,Species,"Leaf Spines: marginal:yes,Leaf spines:marginal",,"['TRY (Prentice, I.C., Meng, T., Wang, H., Harrison, S.P., Ni, J., Wang, G., 2011. Evidence for a universal scaling relationship of leaf CO2 drawdown along a moisture gradient. New Phytologist 190: 169\x96180)']"
43,202652-1,Echinops ritro,Echinops ritro,202652-1,Species,Thorn / spine length:2mm,,"['TRY (Díaz, S., J. G. Hodgson, K. Thompson, M. Cabido, J. H. C. Cornelissen, A. Jalili, G. Montserrat-Martí, J. P. Grime, F. Zarrinkamar, Y. Asri, S. R. Band, S. Basconcelo, P. Castro-Díez, G. Funes, B. Hamzehee, M. Khoshnevi, N. Pérez-Harguindeguy, M. C. Pérez-Rontomé, F. A. Shirvany, F. Vendramini, S. Yazdani, R. Abbas-Azimi, A. Bogaard, S. Boustani, M. Charles, M. Dehghan, L. de Torres-Espuny, V. Falczuk, J. Guerrero-Campo, A. Hynd, G. Jones, E. Kowsary, F. Kazemi-Saeed, M. Maestro-Martínez, A. Romo-Díez, S. Shaw, B. Siavash, P. Villar-Salvador, and M. R. Zak. 2004. The plant traits that drive ecosystems: Evidence from three continents. Journal of Vegetation Science 15:295-304.)']"
44,227329-1,Klasea marginata,Klasea marginata,227329-1,Species,"Leaf Spines: lower:yes,Leaf spines: upper:yes,Leaf spines:adaxial and abaxial",,"['TRY (Prentice, I.C., Meng, T., Wang, H., Harrison, S.P., Ni, J., Wang, G., 2011. Evidence for a universal scaling relationship of leaf CO2 drawdown along a moisture gradient. New Phytologist 190: 169\x96180)']"
45,230317-1,Leuzea uniflora,Leuzea uniflora,230317-1,Species,"Leaf Spines: marginal:yes,Leaf spines:marginal",,"['TRY (Prentice, I.C., Meng, T., Wang, H., Harrison, S.P., Ni, J., Wang, G., 2011. Evidence for a universal scaling relationship of leaf CO2 drawdown along a moisture gradient. New Phytologist 190: 169\x96180)']"
46,250048-1,Sonchus brachyotus,Sonchus brachyotus,250048-1,Species,"Leaf Spines: marginal:yes,Leaf spines:marginal",,"['TRY (Prentice, I.C., Meng, T., Wang, H., Harrison, S.P., Ni, J., Wang, G., 2011. Evidence for a universal scaling relationship of leaf CO2 drawdown along a moisture gradient. New Phytologist 190: 169\x96180)']"
47,252041-1,Synurus deltoides,Synurus deltoides,252041-1,Species,Leaf spines:marginal,,"['TRY (Wang, Han; Harrison, Sandy P; Prentice, Iain Colin; Yang, Yanzheng; Bai, Fan; Furstenau Togashi, Henrique; Wang, Meng; Zhou, Shuangxi; Ni, Jian (2017): The China Plant Trait Database. PANGAEA, https://doi.org/10.1594/PANGAEA.871819)']"
48,261870-1,Cryptomeria japonica,Cryptomeria japonica,261870-1,Species,Leaf spines:adaxial,,"['TRY (Wang, Han; Harrison, Sandy P; Prentice, Iain Colin; Yang, Yanzheng; Bai, Fan; Furstenau Togashi, Henrique; Wang, Meng; Zhou, Shuangxi; Ni, Jian (2017): The China Plant Trait Database. PANGAEA, https://doi.org/10.1594/PANGAEA.871819)']"
49,262780-1,Pinus armandi,Pinus armandi,262780-1,Species,Leaf spines:terminal,,"['TRY (Wang, Han; Harrison, Sandy P; Prentice, Iain Colin; Yang, Yanzheng; Bai, Fan; Furstenau Togashi, Henrique; Wang, Meng; Zhou, Shuangxi; Ni, Jian (2017): The China Plant Trait Database. PANGAEA, https://doi.org/10.1594/PANGAEA.871819)']"
50,263356-1,Pinus tabuliformis,Pinus tabuliformis,263356-1,Species,"Leaf Spines: terminal:yes,Leaf spines:terminal",,"['TRY (Prentice, I.C., Meng, T., Wang, H., Harrison, S.P., Ni, J., Wang, G., 2011. Evidence for a universal scaling relationship of leaf CO2 drawdown along a moisture gradient. New Phytologist 190: 169\x96180)']"
51,271446-1,Aucuba chlorascens,Aucuba chlorascens,271446-1,Species,Leaf spines:marginal,,"['TRY (Wang, Han; Harrison, Sandy P; Prentice, Iain Colin; Yang, Yanzheng; Bai, Fan; Furstenau Togashi, Henrique; Wang, Meng; Zhou, Shuangxi; Ni, Jian (2017): The China Plant Trait Database. PANGAEA, https://doi.org/10.1594/PANGAEA.871819)']"
52,293975-2,Vaccinium vitis-idaea,Vaccinium vitis-idaea,293975-2,Species,Leaf spines:terminal,,"['TRY (Wang, Han; Harrison, Sandy P; Prentice, Iain Colin; Yang, Yanzheng; Bai, Fan; Furstenau Togashi, Henrique; Wang, Meng; Zhou, Shuangxi; Ni, Jian (2017): The China Plant Trait Database. PANGAEA, https://doi.org/10.1594/PANGAEA.871819)']"
53,295031-1,Betula alnoides,Betula alnoides,295031-1,Species,Leaf spines:marginal,,"['TRY (Wang, Han; Harrison, Sandy P; Prentice, Iain Colin; Yang, Yanzheng; Bai, Fan; Furstenau Togashi, Henrique; Wang, Meng; Zhou, Shuangxi; Ni, Jian (2017): The China Plant Trait Database. PANGAEA, https://doi.org/10.1594/PANGAEA.871819)']"
54,295394-1,Castanopsis fordii,Castanopsis fordii,295394-1,Species,"Leaf Spines: terminal:yes,Leaf spines:terminal",,"['TRY (Prentice, I.C., Meng, T., Wang, H., Harrison, S.P., Ni, J., Wang, G., 2011. Evidence for a universal scaling relationship of leaf CO2 drawdown along a moisture gradient. New Phytologist 190: 169\x96180)']"
55,295460-1,Corylus heterophylla,Corylus heterophylla,295460-1,Species,"Leaf spines: upper:yes,Leaf spines:adaxial",,"['TRY (Prentice, I.C., Meng, T., Wang, H., Harrison, S.P., Ni, J., Wang, G., 2011. Evidence for a universal scaling relationship of leaf CO2 drawdown along a moisture gradient. New Phytologist 190: 169\x96180)']"
56,295845-1,Quercus baronii,Quercus baronii,295845-1,Species,"Leaf Spines: marginal:yes,Leaf spines:marginal",,"['TRY (Prentice, I.C., Meng, T., Wang, H., Harrison, S.P., Ni, J., Wang, G., 2011. Evidence for a universal scaling relationship of leaf CO2 drawdown along a moisture gradient. New Phytologist 190: 169\x96180)']"
57,295963-1,Quercus coccifera,Quercus coccifera,295963-1,Species,Thorn / spine length:1mm,,"['TRY (Díaz, S., J. G. Hodgson, K. Thompson, M. Cabido, J. H. C. Cornelissen, A. Jalili, G. Montserrat-Martí, J. P. Grime, F. Zarrinkamar, Y. Asri, S. R. Band, S. Basconcelo, P. Castro-Díez, G. Funes, B. Hamzehee, M. Khoshnevi, N. Pérez-Harguindeguy, M. C. Pérez-Rontomé, F. A. Shirvany, F. Vendramini, S. Yazdani, R. Abbas-Azimi, A. Bogaard, S. Boustani, M. Charles, M. Dehghan, L. de Torres-Espuny, V. Falczuk, J. Guerrero-Campo, A. Hynd, G. Jones, E. Kowsary, F. Kazemi-Saeed, M. Maestro-Martínez, A. Romo-Díez, S. Shaw, B. Siavash, P. Villar-Salvador, and M. R. Zak. 2004. The plant traits that drive ecosystems: Evidence from three continents. Journal of Vegetation Science 15:295-304.)']"
58,296186-1,Quercus gilva,Quercus gilva,296186-1,Species,"Leaf Spines: marginal:yes,Leaf spines:marginal",,"['TRY (Prentice, I.C., Meng, T., Wang, H., Harrison, S.P., Ni, J., Wang, G., 2011. Evidence for a universal scaling relationship of leaf CO2 drawdown along a moisture gradient. New Phytologist 190: 169\x96180)']"
59,296242-1,Quercus helferiana,Quercus helferiana,296242-1,Species,Leaf spines:marginal,,"['TRY (Wang, Han; Harrison, Sandy P; Prentice, Iain Colin; Yang, Yanzheng; Bai, Fan; Furstenau Togashi, Henrique; Wang, Meng; Zhou, Shuangxi; Ni, Jian (2017): The China Plant Trait Database. PANGAEA, https://doi.org/10.1594/PANGAEA.871819)']"
60,30000199-2,Rubus,nan,nan,Genus,"Leaf Spines: lower:yes,Leaf Spines: midrib/veins:yes,Leaf spines:abaxial,Stem spiny:yes,Thorn / spine length:5mm",,"['TRY (Díaz, S., J. G. Hodgson, K. Thompson, M. Cabido, J. H. C. Cornelissen, A. Jalili, G. Montserrat-Martí, J. P. Grime, F. Zarrinkamar, Y. Asri, S. R. Band, S. Basconcelo, P. Castro-Díez, G. Funes, B. Hamzehee, M. Khoshnevi, N. Pérez-Harguindeguy, M. C. Pérez-Rontomé, F. A. Shirvany, F. Vendramini, S. Yazdani, R. Abbas-Azimi, A. Bogaard, S. Boustani, M. Charles, M. Dehghan, L. de Torres-Espuny, V. Falczuk, J. Guerrero-Campo, A. Hynd, G. Jones, E. Kowsary, F. Kazemi-Saeed, M. Maestro-Martínez, A. Romo-Díez, S. Shaw, B. Siavash, P. Villar-Salvador, and M. R. Zak. 2004. The plant traits that drive ecosystems: Evidence from three continents. Journal of Vegetation Science 15:295-304.)']"
61,30002432-2,Rosa,nan,nan,Genus,"Leaf Spines: lower:yes,Leaf Spines: marginal:yes,Leaf spines:abaxial,Leaf spines:marginal,Stem spiny:yes",,"['TRY (Prentice, I.C., Meng, T., Wang, H., Harrison, S.P., Ni, J., Wang, G., 2011. Evidence for a universal scaling relationship of leaf CO2 drawdown along a moisture gradient. New Phytologist 190: 169\x96180)']"
62,30012872-2,Salsola,nan,nan,Genus,"Leaf Spines: lower:yes,Leaf spines: upper:yes,Leaf spines:adaxial and abaxial",,"['TRY (Prentice, I.C., Meng, T., Wang, H., Harrison, S.P., Ni, J., Wang, G., 2011. Evidence for a universal scaling relationship of leaf CO2 drawdown along a moisture gradient. New Phytologist 190: 169\x96180)']"
63,30034699-2,Robinia pseudoacacia,Robinia pseudoacacia,30034699-2,Species,Stem spiny:yes,,"['TRY (Prentice, I.C., Meng, T., Wang, H., Harrison, S.P., Ni, J., Wang, G., 2011. Evidence for a universal scaling relationship of leaf CO2 drawdown along a moisture gradient. New Phytologist 190: 169\x96180)']"
64,30089555-2,Rosa acicularis,Rosa acicularis,30089555-2,Species,Stem spiny:yes,,"['TRY (Wang, Han; Harrison, Sandy P; Prentice, Iain Colin; Yang, Yanzheng; Bai, Fan; Furstenau Togashi, Henrique; Wang, Meng; Zhou, Shuangxi; Ni, Jian (2017): The China Plant Trait Database. PANGAEA, https://doi.org/10.1594/PANGAEA.871819)']"
65,30148396-2,Euonymus alatus,Euonymus alatus,30148396-2,Species,"Leaf spines:marginal,Stem spiny:yes",,"['TRY (Prentice, I.C., Meng, T., Wang, H., Harrison, S.P., Ni, J., Wang, G., 2011. Evidence for a universal scaling relationship of leaf CO2 drawdown along a moisture gradient. New Phytologist 190: 169\x96180)']"
66,302252-1,Carex siderosticta,Carex siderosticta,302252-1,Species,Leaf spines:marginal,,"['TRY (Wang, Han; Harrison, Sandy P; Prentice, Iain Colin; Yang, Yanzheng; Bai, Fan; Furstenau Togashi, Henrique; Wang, Meng; Zhou, Shuangxi; Ni, Jian (2017): The China Plant Trait Database. PANGAEA, https://doi.org/10.1594/PANGAEA.871819)']"
67,302387-2,Populus tremula,Populus tremula,302387-2,Species,Leaf spines:terminal,,"['TRY (Wang, Han; Harrison, Sandy P; Prentice, Iain Colin; Yang, Yanzheng; Bai, Fan; Furstenau Togashi, Henrique; Wang, Meng; Zhou, Shuangxi; Ni, Jian (2017): The China Plant Trait Database. PANGAEA, https://doi.org/10.1594/PANGAEA.871819)']"
68,30275681-2,Asparagus,nan,nan,Genus,Spinescence / thorniness:yes,,"['TRY (Onstein RE, Richard J. Carter, Yaowu Xing, H. Peter LinderInstitute (2014) Diversification rate shifts in the Cape Floristic Region: The right traits in the right place at the right time. Perspectives in Plant Ecology, Evolution and Systematics 16(6) 331\x96340 DOI:10.1016/j.ppees.2014.08.002)']"
69,303401-2,Salsola kali,Salsola kali,303401-2,Species,Thorn / spine length:3mm,,"['TRY (Díaz, S., J. G. Hodgson, K. Thompson, M. Cabido, J. H. C. Cornelissen, A. Jalili, G. Montserrat-Martí, J. P. Grime, F. Zarrinkamar, Y. Asri, S. R. Band, S. Basconcelo, P. Castro-Díez, G. Funes, B. Hamzehee, M. Khoshnevi, N. Pérez-Harguindeguy, M. C. Pérez-Rontomé, F. A. Shirvany, F. Vendramini, S. Yazdani, R. Abbas-Azimi, A. Bogaard, S. Boustani, M. Charles, M. Dehghan, L. de Torres-Espuny, V. Falczuk, J. Guerrero-Campo, A. Hynd, G. Jones, E. Kowsary, F. Kazemi-Saeed, M. Maestro-Martínez, A. Romo-Díez, S. Shaw, B. Siavash, P. Villar-Salvador, and M. R. Zak. 2004. The plant traits that drive ecosystems: Evidence from three continents. Journal of Vegetation Science 15:295-304.)']"
70,316341-2,Ximenia americana,Ximenia americana,316341-2,Species,Spinescence / thorniness:4,,"['TRY (Joseph, G.S., Seymour, C.L., Cumming, G.S., Cumming, D.H.M., & Mahlangu, Z. 2014. Termite mounds increase functional diversity of woody plants in African savannas. Ecosystems 17: 808\x96819.)']"
71,322212-1,Diospyros cathayensis,Diospyros cathayensis,322212-1,Species,"Spinescence / thorniness:0.5,Stem spiny:yes",,"['TRY (Prentice, I.C., Meng, T., Wang, H., Harrison, S.P., Ni, J., Wang, G., 2011. Evidence for a universal scaling relationship of leaf CO2 drawdown along a moisture gradient. New Phytologist 190: 169\x96180)']"
72,324046-2,Calamus thysanolepis,Calamus thysanolepis,324046-2,Species,"Leaf Spines: lower:yes,Leaf Spines: marginal:yes,Leaf spines: upper:yes,Leaf spines:adaxial and abaxial,Stem spiny:yes",,"['TRY (Prentice, I.C., Meng, T., Wang, H., Harrison, S.P., Ni, J., Wang, G., 2011. Evidence for a universal scaling relationship of leaf CO2 drawdown along a moisture gradient. New Phytologist 190: 169\x96180)']"
73,324136-1,Elaeocarpus glabripetalus,Elaeocarpus glabripetalus,324136-1,Species,"Leaf Spines: marginal:yes,Leaf spines:marginal",,"['TRY (Prentice, I.C., Meng, T., Wang, H., Harrison, S.P., Ni, J., Wang, G., 2011. Evidence for a universal scaling relationship of leaf CO2 drawdown along a moisture gradient. New Phytologist 190: 169\x96180)']"
74,327055-2,Styrax hemsleyanus,Styrax hemsleyanus,327055-2,Species,Leaf spines:marginal,,"['TRY (Wang, Han; Harrison, Sandy P; Prentice, Iain Colin; Yang, Yanzheng; Bai, Fan; Furstenau Togashi, Henrique; Wang, Meng; Zhou, Shuangxi; Ni, Jian (2017): The China Plant Trait Database. PANGAEA, https://doi.org/10.1594/PANGAEA.871819)']"
75,327585-1,Clethra delavayi,Clethra delavayi,327585-1,Species,Leaf spines:marginal,,"['TRY (Wang, Han; Harrison, Sandy P; Prentice, Iain Colin; Yang, Yanzheng; Bai, Fan; Furstenau Togashi, Henrique; Wang, Meng; Zhou, Shuangxi; Ni, Jian (2017): The China Plant Trait Database. PANGAEA, https://doi.org/10.1594/PANGAEA.871819)']"
76,328526-2,Berberis,nan,nan,Genus,"Leaf Spines: marginal:yes,Leaf spines:marginal,Stem spiny:yes",,"['TRY (Prentice, I.C., Meng, T., Wang, H., Harrison, S.P., Ni, J., Wang, G., 2011. Evidence for a universal scaling relationship of leaf CO2 drawdown along a moisture gradient. New Phytologist 190: 169\x96180)']"
77,332101-2,Ononis spinosa,Ononis spinosa,332101-2,Species,Thorn / spine length:12mm,,"['TRY (Díaz, S., J. G. Hodgson, K. Thompson, M. Cabido, J. H. C. Cornelissen, A. Jalili, G. Montserrat-Martí, J. P. Grime, F. Zarrinkamar, Y. Asri, S. R. Band, S. Basconcelo, P. Castro-Díez, G. Funes, B. Hamzehee, M. Khoshnevi, N. Pérez-Harguindeguy, M. C. Pérez-Rontomé, F. A. Shirvany, F. Vendramini, S. Yazdani, R. Abbas-Azimi, A. Bogaard, S. Boustani, M. Charles, M. Dehghan, L. de Torres-Espuny, V. Falczuk, J. Guerrero-Campo, A. Hynd, G. Jones, E. Kowsary, F. Kazemi-Saeed, M. Maestro-Martínez, A. Romo-Díez, S. Shaw, B. Siavash, P. Villar-Salvador, and M. R. Zak. 2004. The plant traits that drive ecosystems: Evidence from three continents. Journal of Vegetation Science 15:295-304.)']"
78,332644-1,Rhododendron irroratum,Rhododendron irroratum,332644-1,Species,Leaf spines:terminal,,"['TRY (Wang, Han; Harrison, Sandy P; Prentice, Iain Colin; Yang, Yanzheng; Bai, Fan; Furstenau Togashi, Henrique; Wang, Meng; Zhou, Shuangxi; Ni, Jian (2017): The China Plant Trait Database. PANGAEA, https://doi.org/10.1594/PANGAEA.871819)']"
79,332855-1,Rhododendron mariae,Rhododendron mariae,332855-1,Species,"Leaf Spines: marginal:yes,Leaf spines:marginal",,"['TRY (Prentice, I.C., Meng, T., Wang, H., Harrison, S.P., Ni, J., Wang, G., 2011. Evidence for a universal scaling relationship of leaf CO2 drawdown along a moisture gradient. New Phytologist 190: 169\x96180)']"
80,333359-1,Rhododendron simsii,Rhododendron simsii,333359-1,Species,Leaf spines:terminal,,"['TRY (Wang, Han; Harrison, Sandy P; Prentice, Iain Colin; Yang, Yanzheng; Bai, Fan; Furstenau Togashi, Henrique; Wang, Meng; Zhou, Shuangxi; Ni, Jian (2017): The China Plant Trait Database. PANGAEA, https://doi.org/10.1594/PANGAEA.871819)']"
81,334370-1,Vaccinium duclouxii,Vaccinium duclouxii,334370-1,Species,Leaf spines:marginal,,"['TRY (Wang, Han; Harrison, Sandy P; Prentice, Iain Colin; Yang, Yanzheng; Bai, Fan; Furstenau Togashi, Henrique; Wang, Meng; Zhou, Shuangxi; Ni, Jian (2017): The China Plant Trait Database. PANGAEA, https://doi.org/10.1594/PANGAEA.871819)']"
82,351650-1,Mallotus philippensis,Mallotus philippensis,351650-1,Species,"Leaf Spines: marginal:yes,Leaf spines:marginal",,"['TRY (Prentice, I.C., Meng, T., Wang, H., Harrison, S.P., Ni, J., Wang, G., 2011. Evidence for a universal scaling relationship of leaf CO2 drawdown along a moisture gradient. New Phytologist 190: 169\x96180)']"
83,358308-1,Castanea seguinii,Castanea seguinii,358308-1,Species,"Leaf Spines: marginal:yes,Leaf spines:marginal",,"['TRY (Prentice, I.C., Meng, T., Wang, H., Harrison, S.P., Ni, J., Wang, G., 2011. Evidence for a universal scaling relationship of leaf CO2 drawdown along a moisture gradient. New Phytologist 190: 169\x96180)']"
84,358473-1,Castanopsis wattii,Castanopsis wattii,358473-1,Species,Leaf spines:marginal,,"['TRY (Wang, Han; Harrison, Sandy P; Prentice, Iain Colin; Yang, Yanzheng; Bai, Fan; Furstenau Togashi, Henrique; Wang, Meng; Zhou, Shuangxi; Ni, Jian (2017): The China Plant Trait Database. PANGAEA, https://doi.org/10.1594/PANGAEA.871819)']"
85,359487-1,Quercus chenii,Quercus chenii,359487-1,Species,"Leaf Spines: marginal:yes,Leaf spines:marginal",,"['TRY (Prentice, I.C., Meng, T., Wang, H., Harrison, S.P., Ni, J., Wang, G., 2011. Evidence for a universal scaling relationship of leaf CO2 drawdown along a moisture gradient. New Phytologist 190: 169\x96180)']"
86,373823-1,Geranium wilfordii,Geranium wilfordii,373823-1,Species,Leaf spines:marginal,,"['TRY (Wang, Han; Harrison, Sandy P; Prentice, Iain Colin; Yang, Yanzheng; Bai, Fan; Furstenau Togashi, Henrique; Wang, Meng; Zhou, Shuangxi; Ni, Jian (2017): The China Plant Trait Database. PANGAEA, https://doi.org/10.1594/PANGAEA.871819)']"
87,427964-1,Garcinia gerrardii,Garcinia gerrardii,427964-1,Species,Thorn / spine length:0.48mm,,"['TRY (van der Plas, F. & Olff, H. (2014) Mesoherbivores affect grasshopper communities in a megaherbivore-dominated South African savannah. Oecologia 175: 639. doi:10.1007/s00442-014-2920-z)']"
88,430722-1,Loropetalum chinense,Loropetalum chinense,430722-1,Species,"Leaf Spines: terminal:yes,Leaf spines:terminal",,"['TRY (Prentice, I.C., Meng, T., Wang, H., Harrison, S.P., Ni, J., Wang, G., 2011. Evidence for a universal scaling relationship of leaf CO2 drawdown along a moisture gradient. New Phytologist 190: 169\x96180)']"
89,434237-1,Cassinopsis ilicifolia,Cassinopsis ilicifolia,434237-1,Species,Spinescence / thorniness:yes,,"['TRY (Onstein RE, Richard J. Carter, Yaowu Xing, H. Peter LinderInstitute (2014) Diversification rate shifts in the Cape Floristic Region: The right traits in the right place at the right time. Perspectives in Plant Ecology, Evolution and Systematics 16(6) 331\x96340 DOI:10.1016/j.ppees.2014.08.002)']"
90,44881-1,Acanthus leucostachyus,Acanthus leucostachyus,44881-1,Species,Leaf spines:marginal,,"['TRY (Wang, Han; Harrison, Sandy P; Prentice, Iain Colin; Yang, Yanzheng; Bai, Fan; Furstenau Togashi, Henrique; Wang, Meng; Zhou, Shuangxi; Ni, Jian (2017): The China Plant Trait Database. PANGAEA, https://doi.org/10.1594/PANGAEA.871819)']"
91,476249-1,Astragalus armatus,Astragalus armatus,476249-1,Species,Spinescence / thorniness:Presence,,"[""TRY (Frenette-Dussault, C., Shipley, B., Léger, J.F., Meziane, D. & Hingrat, Y. (2012). Functional structure of an arid steppe plant community reveals similarities with Grime's C-S-R theory. Journal of Vegetation Science 23: 208-222.)""]"
92,478648-1,Astragalus microcephalus,Astragalus microcephalus,478648-1,Species,Thorn / spine length:25mm,,"['TRY (Díaz, S., J. G. Hodgson, K. Thompson, M. Cabido, J. H. C. Cornelissen, A. Jalili, G. Montserrat-Martí, J. P. Grime, F. Zarrinkamar, Y. Asri, S. R. Band, S. Basconcelo, P. Castro-Díez, G. Funes, B. Hamzehee, M. Khoshnevi, N. Pérez-Harguindeguy, M. C. Pérez-Rontomé, F. A. Shirvany, F. Vendramini, S. Yazdani, R. Abbas-Azimi, A. Bogaard, S. Boustani, M. Charles, M. Dehghan, L. de Torres-Espuny, V. Falczuk, J. Guerrero-Campo, A. Hynd, G. Jones, E. Kowsary, F. Kazemi-Saeed, M. Maestro-Martínez, A. Romo-Díez, S. Shaw, B. Siavash, P. Villar-Salvador, and M. R. Zak. 2004. The plant traits that drive ecosystems: Evidence from three continents. Journal of Vegetation Science 15:295-304.)']"
93,481889-1,Biancaea sappan,Biancaea sappan,481889-1,Species,Stem thorny:yes,,"['TRY (Wang, Han; Harrison, Sandy P; Prentice, Iain Colin; Yang, Yanzheng; Bai, Fan; Furstenau Togashi, Henrique; Wang, Meng; Zhou, Shuangxi; Ni, Jian (2017): The China Plant Trait Database. PANGAEA, https://doi.org/10.1594/PANGAEA.871819)']"
94,483544-1,Campylotropis delavayi,Campylotropis delavayi,483544-1,Species,Leaf spines:terminal,,"['TRY (Wang, Han; Harrison, Sandy P; Prentice, Iain Colin; Yang, Yanzheng; Bai, Fan; Furstenau Togashi, Henrique; Wang, Meng; Zhou, Shuangxi; Ni, Jian (2017): The China Plant Trait Database. PANGAEA, https://doi.org/10.1594/PANGAEA.871819)']"
95,483580-1,Campylotropis pinetorum,Campylotropis pinetorum,483580-1,Species,Leaf spines:terminal,,"['TRY (Wang, Han; Harrison, Sandy P; Prentice, Iain Colin; Yang, Yanzheng; Bai, Fan; Furstenau Togashi, Henrique; Wang, Meng; Zhou, Shuangxi; Ni, Jian (2017): The China Plant Trait Database. PANGAEA, https://doi.org/10.1594/PANGAEA.871819)']"
96,483860-1,Caragana microphylla,Caragana microphylla,483860-1,Species,"Leaf Spines: terminal:yes,Leaf spines:terminal,Stem spiny:yes",,"['TRY (Prentice, I.C., Meng, T., Wang, H., Harrison, S.P., Ni, J., Wang, G., 2011. Evidence for a universal scaling relationship of leaf CO2 drawdown along a moisture gradient. New Phytologist 190: 169\x96180)']"
97,490086-1,Dalbergia armata,Dalbergia armata,490086-1,Species,"Thorn / spine length:0.9mm,Thorn / spine length:2.98mm",,"['TRY (van der Plas, F. & Olff, H. (2014) Mesoherbivores affect grasshopper communities in a megaherbivore-dominated South African savannah. Oecologia 175: 639. doi:10.1007/s00442-014-2920-z)']"
98,490328-1,Dalbergia melanoxylon,Dalbergia melanoxylon,490328-1,Species,Spinescence / thorniness:1,,"['TRY (Joseph, G.S., Seymour, C.L., Cumming, G.S., Cumming, D.H.M., & Mahlangu, Z. 2014. Termite mounds increase functional diversity of woody plants in African savannas. Ecosystems 17: 808\x96819.)']"
99,490399-1,Dalbergia pinnata,Dalbergia pinnata,490399-1,Species,Stem thorny:yes,,"['TRY (Wang, Han; Harrison, Sandy P; Prentice, Iain Colin; Yang, Yanzheng; Bai, Fan; Furstenau Togashi, Henrique; Wang, Meng; Zhou, Shuangxi; Ni, Jian (2017): The China Plant Trait Database. PANGAEA, https://doi.org/10.1594/PANGAEA.871819)']"
100,496341-1,Genista scorpius,Genista scorpius,496341-1,Species,Thorn / spine length:60mm,,"['TRY (Díaz, S., J. G. Hodgson, K. Thompson, M. Cabido, J. H. C. Cornelissen, A. Jalili, G. Montserrat-Martí, J. P. Grime, F. Zarrinkamar, Y. Asri, S. R. Band, S. Basconcelo, P. Castro-Díez, G. Funes, B. Hamzehee, M. Khoshnevi, N. Pérez-Harguindeguy, M. C. Pérez-Rontomé, F. A. Shirvany, F. Vendramini, S. Yazdani, R. Abbas-Azimi, A. Bogaard, S. Boustani, M. Charles, M. Dehghan, L. de Torres-Espuny, V. Falczuk, J. Guerrero-Campo, A. Hynd, G. Jones, E. Kowsary, F. Kazemi-Saeed, M. Maestro-Martínez, A. Romo-Díez, S. Shaw, B. Siavash, P. Villar-Salvador, and M. R. Zak. 2004. The plant traits that drive ecosystems: Evidence from three continents. Journal of Vegetation Science 15:295-304.)']"
101,50425772-2,Stachyphrynium placentarium,Stachyphrynium placentarium,50425772-2,Species,Leaf spines:marginal,,"['TRY (Wang, Han; Harrison, Sandy P; Prentice, Iain Colin; Yang, Yanzheng; Bai, Fan; Furstenau Togashi, Henrique; Wang, Meng; Zhou, Shuangxi; Ni, Jian (2017): The China Plant Trait Database. PANGAEA, https://doi.org/10.1594/PANGAEA.871819)']"
102,51299-1,Justicia patentiflora,Justicia patentiflora,51299-1,Species,Leaf spines:abaxial,,"['TRY (Wang, Han; Harrison, Sandy P; Prentice, Iain Colin; Yang, Yanzheng; Bai, Fan; Furstenau Togashi, Henrique; Wang, Meng; Zhou, Shuangxi; Ni, Jian (2017): The China Plant Trait Database. PANGAEA, https://doi.org/10.1594/PANGAEA.871819)']"
103,518304-1,Senegalia senegal,Senegalia senegal,518304-1,Species,"Thorn / spine length:0.24mm,Thorn / spine length:0.26mm",,"['TRY (van der Plas, F. & Olff, H. (2014) Mesoherbivores affect grasshopper communities in a megaherbivore-dominated South African savannah. Oecologia 175: 639. doi:10.1007/s00442-014-2920-z)']"
104,524298-1,Ulex europaeus,Ulex europaeus,524298-1,Species,"Thorn / spine length:25mm,Thorn density:2",,"['TRY (Díaz, S., J. G. Hodgson, K. Thompson, M. Cabido, J. H. C. Cornelissen, A. Jalili, G. Montserrat-Martí, J. P. Grime, F. Zarrinkamar, Y. Asri, S. R. Band, S. Basconcelo, P. Castro-Díez, G. Funes, B. Hamzehee, M. Khoshnevi, N. Pérez-Harguindeguy, M. C. Pérez-Rontomé, F. A. Shirvany, F. Vendramini, S. Yazdani, R. Abbas-Azimi, A. Bogaard, S. Boustani, M. Charles, M. Dehghan, L. de Torres-Espuny, V. Falczuk, J. Guerrero-Campo, A. Hynd, G. Jones, E. Kowsary, F. Kazemi-Saeed, M. Maestro-Martínez, A. Romo-Díez, S. Shaw, B. Siavash, P. Villar-Salvador, and M. R. Zak. 2004. The plant traits that drive ecosystems: Evidence from three continents. Journal of Vegetation Science 15:295-304.)']"
105,525130-1,Vicia sepium,Vicia sepium,525130-1,Species,Leaf spines:terminal,,"['TRY (Wang, Han; Harrison, Sandy P; Prentice, Iain Colin; Yang, Yanzheng; Bai, Fan; Furstenau Togashi, Henrique; Wang, Meng; Zhou, Shuangxi; Ni, Jian (2017): The China Plant Trait Database. PANGAEA, https://doi.org/10.1594/PANGAEA.871819)']"
106,530140-1,Anemarrhena asphodeloides,Anemarrhena asphodeloides,530140-1,Species,Leaf spines:terminal,,"['TRY (Wang, Han; Harrison, Sandy P; Prentice, Iain Colin; Yang, Yanzheng; Bai, Fan; Furstenau Togashi, Henrique; Wang, Meng; Zhou, Shuangxi; Ni, Jian (2017): The China Plant Trait Database. PANGAEA, https://doi.org/10.1594/PANGAEA.871819)']"
107,530992-1,Asparagus acutifolius,Asparagus acutifolius,530992-1,Species,Spinescence / thorniness:1,,"['TRY (Burrascano S, Copiz R, Del Vico E, Fagiani S, Giarrizzo E, Mei M, Mortelliti A, Sabatini FM, Blasi C (2015) Wild boar rooting intensity determines shifts in understorey composition and functional traits. COMMUNITY ECOLOGY 16(2) 244-253 DOI: 10.1556/168.2015.16.2.12)']"
108,530994-1,Asparagus aethiopicus,Asparagus aethiopicus,530994-1,Species,Spinescence / thorniness:yes,,"['TRY (Onstein RE, Richard J. Carter, Yaowu Xing, H. Peter LinderInstitute (2014) Diversification rate shifts in the Cape Floristic Region: The right traits in the right place at the right time. Perspectives in Plant Ecology, Evolution and Systematics 16(6) 331\x96340 DOI:10.1016/j.ppees.2014.08.002)']"
109,531023-1,Asparagus brachyphyllus,Asparagus brachyphyllus,531023-1,Species,"Leaf Spines: terminal:yes,Leaf spines:terminal,Stem spiny:yes",,"['TRY (Prentice, I.C., Meng, T., Wang, H., Harrison, S.P., Ni, J., Wang, G., 2011. Evidence for a universal scaling relationship of leaf CO2 drawdown along a moisture gradient. New Phytologist 190: 169\x96180)']"
110,536625-1,Hosta plantaginea,Hosta plantaginea,536625-1,Species,Leaf spines:marginal,,"['TRY (Wang, Han; Harrison, Sandy P; Prentice, Iain Colin; Yang, Yanzheng; Bai, Fan; Furstenau Togashi, Henrique; Wang, Meng; Zhou, Shuangxi; Ni, Jian (2017): The China Plant Trait Database. PANGAEA, https://doi.org/10.1594/PANGAEA.871819)']"
111,540443-1,Ruscus aculeatus,Ruscus aculeatus,540443-1,Species,Spinescence / thorniness:3,,"['TRY (Burrascano S, Copiz R, Del Vico E, Fagiani S, Giarrizzo E, Mei M, Mortelliti A, Sabatini FM, Blasi C (2015) Wild boar rooting intensity determines shifts in understorey composition and functional traits. COMMUNITY ECOLOGY 16(2) 244-253 DOI: 10.1556/168.2015.16.2.12)']"
112,541279-1,Smilax aspera,Smilax aspera,541279-1,Species,Spinescence / thorniness:3,,"['TRY (Burrascano S, Copiz R, Del Vico E, Fagiani S, Giarrizzo E, Mei M, Mortelliti A, Sabatini FM, Blasi C (2015) Wild boar rooting intensity determines shifts in understorey composition and functional traits. COMMUNITY ECOLOGY 16(2) 244-253 DOI: 10.1556/168.2015.16.2.12)']"
113,541401-1,Smilax discotis,Smilax discotis,541401-1,Species,"Leaf spines:terminal,Stem spiny:yes",,"['TRY (Wang, Han; Harrison, Sandy P; Prentice, Iain Colin; Yang, Yanzheng; Bai, Fan; Furstenau Togashi, Henrique; Wang, Meng; Zhou, Shuangxi; Ni, Jian (2017): The China Plant Trait Database. PANGAEA, https://doi.org/10.1594/PANGAEA.871819)']"
114,541438-1,Smilax ferox,Smilax ferox,541438-1,Species,Stem spiny:yes,,"['TRY (Wang, Han; Harrison, Sandy P; Prentice, Iain Colin; Yang, Yanzheng; Bai, Fan; Furstenau Togashi, Henrique; Wang, Meng; Zhou, Shuangxi; Ni, Jian (2017): The China Plant Trait Database. PANGAEA, https://doi.org/10.1594/PANGAEA.871819)']"
115,541513-1,Smilax hypoglauca,Smilax hypoglauca,541513-1,Species,Leaf spines:terminal,,"['TRY (Wang, Han; Harrison, Sandy P; Prentice, Iain Colin; Yang, Yanzheng; Bai, Fan; Furstenau Togashi, Henrique; Wang, Meng; Zhou, Shuangxi; Ni, Jian (2017): The China Plant Trait Database. PANGAEA, https://doi.org/10.1594/PANGAEA.871819)']"
116,541636-1,Smilax menispermoidea,Smilax menispermoidea,541636-1,Species,Leaf spines:terminal,,"['TRY (Wang, Han; Harrison, Sandy P; Prentice, Iain Colin; Yang, Yanzheng; Bai, Fan; Furstenau Togashi, Henrique; Wang, Meng; Zhou, Shuangxi; Ni, Jian (2017): The China Plant Trait Database. PANGAEA, https://doi.org/10.1594/PANGAEA.871819)']"
117,541681-1,Smilax ocreata,Smilax ocreata,541681-1,Species,"Leaf spines:terminal,Stem spiny:yes",,"['TRY (Wang, Han; Harrison, Sandy P; Prentice, Iain Colin; Yang, Yanzheng; Bai, Fan; Furstenau Togashi, Henrique; Wang, Meng; Zhou, Shuangxi; Ni, Jian (2017): The China Plant Trait Database. PANGAEA, https://doi.org/10.1594/PANGAEA.871819)']"
118,541869-1,Smilax stans,Smilax stans,541869-1,Species,Leaf spines:terminal,,"['TRY (Wang, Han; Harrison, Sandy P; Prentice, Iain Colin; Yang, Yanzheng; Bai, Fan; Furstenau Togashi, Henrique; Wang, Meng; Zhou, Shuangxi; Ni, Jian (2017): The China Plant Trait Database. PANGAEA, https://doi.org/10.1594/PANGAEA.871819)']"
119,541966-1,Smilax zeylanica,Smilax zeylanica,541966-1,Species,"Leaf spines:terminal,Stem spiny:yes",,"['TRY (Wang, Han; Harrison, Sandy P; Prentice, Iain Colin; Yang, Yanzheng; Bai, Fan; Furstenau Togashi, Henrique; Wang, Meng; Zhou, Shuangxi; Ni, Jian (2017): The China Plant Trait Database. PANGAEA, https://doi.org/10.1594/PANGAEA.871819)']"
120,547485-1,Strychnos spinosa,Strychnos spinosa,547485-1,Species,Thorn / spine length:0.64mm," <b>Appearance</b>: , not lenticellate, often with curved or straight <em>spines</em>; branchlets glabrous","['TRY (van der Plas, F. & Olff, H. (2014) Mesoherbivores affect grasshopper communities in a megaherbivore-dominated South African savannah. Oecologia 175: 639. doi:10.1007/s00442-014-2920-z)', 'POWO pages(/taxon/urn:lsid:ipni.org:names:547485-1)']"
121,554129-1,Punica granatum,Punica granatum,554129-1,Species,Thorn / spine length:10mm,,"['TRY (Díaz, S., J. G. Hodgson, K. Thompson, M. Cabido, J. H. C. Cornelissen, A. Jalili, G. Montserrat-Martí, J. P. Grime, F. Zarrinkamar, Y. Asri, S. R. Band, S. Basconcelo, P. Castro-Díez, G. Funes, B. Hamzehee, M. Khoshnevi, N. Pérez-Harguindeguy, M. C. Pérez-Rontomé, F. A. Shirvany, F. Vendramini, S. Yazdani, R. Abbas-Azimi, A. Bogaard, S. Boustani, M. Charles, M. Dehghan, L. de Torres-Espuny, V. Falczuk, J. Guerrero-Campo, A. Hynd, G. Jones, E. Kowsary, F. Kazemi-Saeed, M. Maestro-Martínez, A. Romo-Díez, S. Shaw, B. Siavash, P. Villar-Salvador, and M. R. Zak. 2004. The plant traits that drive ecosystems: Evidence from three continents. Journal of Vegetation Science 15:295-304.)']"
122,584314-1,Maclura cochinchinensis,Maclura cochinchinensis,584314-1,Species,Stem spiny:yes,,"['TRY (Prentice, I.C., Meng, T., Wang, H., Harrison, S.P., Ni, J., Wang, G., 2011. Evidence for a universal scaling relationship of leaf CO2 drawdown along a moisture gradient. New Phytologist 190: 169\x96180)']"
123,60426838-2,Catunaregam taylorii,Catunaregam taylorii,60426838-2,Species,Spinescence / thorniness:3,,"['TRY (Joseph, G.S., Seymour, C.L., Cumming, G.S., Cumming, D.H.M., & Mahlangu, Z. 2014. Termite mounds increase functional diversity of woody plants in African savannas. Ecosystems 17: 808\x96819.)']"
124,60436254-2,Crataegus,nan,nan,Genus,Stem spiny:yes,,"['TRY (Prentice, I.C., Meng, T., Wang, H., Harrison, S.P., Ni, J., Wang, G., 2011. Evidence for a universal scaling relationship of leaf CO2 drawdown along a moisture gradient. New Phytologist 190: 169\x96180)']"
125,60453100-2,Benkara sinensis,Benkara sinensis,60453100-2,Species,Stem spiny:yes,,"['TRY (Wang, Han; Harrison, Sandy P; Prentice, Iain Colin; Yang, Yanzheng; Bai, Fan; Furstenau Togashi, Henrique; Wang, Meng; Zhou, Shuangxi; Ni, Jian (2017): The China Plant Trait Database. PANGAEA, https://doi.org/10.1594/PANGAEA.871819)']"
126,60453644-2,Vachellia grandicornuta,Vachellia grandicornuta,60453644-2,Species,"Thorn / spine length:3.62mm,Thorn / spine length:6.02mm",,"['TRY (van der Plas, F. & Olff, H. (2014) Mesoherbivores affect grasshopper communities in a megaherbivore-dominated South African savannah. Oecologia 175: 639. doi:10.1007/s00442-014-2920-z)']"
127,608572-1,Ximenia caffra,Ximenia caffra,608572-1,Species,Thorn / spine length:0.7mm,,"['TRY (van der Plas, F. & Olff, H. (2014) Mesoherbivores affect grasshopper communities in a megaherbivore-dominated South African savannah. Oecologia 175: 639. doi:10.1007/s00442-014-2920-z)']"
128,610878-1,Osmanthus fragrans,Osmanthus fragrans,610878-1,Species,"Leaf Spines: marginal:yes,Leaf spines:marginal",,"['TRY (Prentice, I.C., Meng, T., Wang, H., Harrison, S.P., Ni, J., Wang, G., 2011. Evidence for a universal scaling relationship of leaf CO2 drawdown along a moisture gradient. New Phytologist 190: 169\x96180)']"
129,635605-1,Geodorum densiflorum,Geodorum densiflorum,635605-1,Species,Leaf spines:terminal,,"['TRY (Wang, Han; Harrison, Sandy P; Prentice, Iain Colin; Yang, Yanzheng; Bai, Fan; Furstenau Togashi, Henrique; Wang, Meng; Zhou, Shuangxi; Ni, Jian (2017): The China Plant Trait Database. PANGAEA, https://doi.org/10.1594/PANGAEA.871819)']"
130,676725-1,Cunninghamia lanceolata,Cunninghamia lanceolata,676725-1,Species,"Leaf Spines: terminal:yes,Leaf spines:terminal,Other spines/thorns:yes,Stem spiny:yes",,"['TRY (Prentice, I.C., Meng, T., Wang, H., Harrison, S.P., Ni, J., Wang, G., 2011. Evidence for a universal scaling relationship of leaf CO2 drawdown along a moisture gradient. New Phytologist 190: 169\x96180)']"
131,68497-1,Tetrastigma serrulatum,Tetrastigma serrulatum,68497-1,Species,Leaf spines:marginal,,"['TRY (Wang, Han; Harrison, Sandy P; Prentice, Iain Colin; Yang, Yanzheng; Bai, Fan; Furstenau Togashi, Henrique; Wang, Meng; Zhou, Shuangxi; Ni, Jian (2017): The China Plant Trait Database. PANGAEA, https://doi.org/10.1594/PANGAEA.871819)']"
132,68594-1,Vitis bryoniifolia,Vitis bryoniifolia,68594-1,Species,"Leaf Spines: marginal:yes,Leaf spines:marginal",,"['TRY (Prentice, I.C., Meng, T., Wang, H., Harrison, S.P., Ni, J., Wang, G., 2011. Evidence for a universal scaling relationship of leaf CO2 drawdown along a moisture gradient. New Phytologist 190: 169\x96180)']"
133,704393-1,Helicia cochinchinensis,Helicia cochinchinensis,704393-1,Species,"Leaf Spines: marginal:yes,Leaf spines:marginal",,"['TRY (Prentice, I.C., Meng, T., Wang, H., Harrison, S.P., Ni, J., Wang, G., 2011. Evidence for a universal scaling relationship of leaf CO2 drawdown along a moisture gradient. New Phytologist 190: 169\x96180)']"
134,70452-1,Rhus chinensis,Rhus chinensis,70452-1,Species,"Leaf Spines: marginal:yes,Leaf spines:marginal",,"['TRY (Prentice, I.C., Meng, T., Wang, H., Harrison, S.P., Ni, J., Wang, G., 2011. Evidence for a universal scaling relationship of leaf CO2 drawdown along a moisture gradient. New Phytologist 190: 169\x96180)']"
135,718256-1,Rhamnus cathartica,Rhamnus cathartica,718256-1,Species,Thorn / spine length:10mm,,"['TRY (Díaz, S., J. G. Hodgson, K. Thompson, M. Cabido, J. H. C. Cornelissen, A. Jalili, G. Montserrat-Martí, J. P. Grime, F. Zarrinkamar, Y. Asri, S. R. Band, S. Basconcelo, P. Castro-Díez, G. Funes, B. Hamzehee, M. Khoshnevi, N. Pérez-Harguindeguy, M. C. Pérez-Rontomé, F. A. Shirvany, F. Vendramini, S. Yazdani, R. Abbas-Azimi, A. Bogaard, S. Boustani, M. Charles, M. Dehghan, L. de Torres-Espuny, V. Falczuk, J. Guerrero-Campo, A. Hynd, G. Jones, E. Kowsary, F. Kazemi-Saeed, M. Maestro-Martínez, A. Romo-Díez, S. Shaw, B. Siavash, P. Villar-Salvador, and M. R. Zak. 2004. The plant traits that drive ecosystems: Evidence from three continents. Journal of Vegetation Science 15:295-304.)']"
136,718786-1,Sageretia henryi,Sageretia henryi,718786-1,Species,"Leaf Spines: marginal:yes,Leaf spines:adaxial",,"['TRY (Prentice, I.C., Meng, T., Wang, H., Harrison, S.P., Ni, J., Wang, G., 2011. Evidence for a universal scaling relationship of leaf CO2 drawdown along a moisture gradient. New Phytologist 190: 169\x96180)']"
137,718872-1,Scutia myrtina,Scutia myrtina,718872-1,Species,Thorn / spine length:0.48mm,,"['TRY (van der Plas, F. & Olff, H. (2014) Mesoherbivores affect grasshopper communities in a megaherbivore-dominated South African savannah. Oecologia 175: 639. doi:10.1007/s00442-014-2920-z)']"
138,719199-1,Ziziphus fungii,Ziziphus fungii,719199-1,Species,Stem thorny:yes,,"['TRY (Wang, Han; Harrison, Sandy P; Prentice, Iain Colin; Yang, Yanzheng; Bai, Fan; Furstenau Togashi, Henrique; Wang, Meng; Zhou, Shuangxi; Ni, Jian (2017): The China Plant Trait Database. PANGAEA, https://doi.org/10.1594/PANGAEA.871819)']"
139,719359-1,Ziziphus mucronata,Ziziphus mucronata,719359-1,Species,"Thorn / spine length:0.64mm,Thorn / spine length:0.76mm,Thorn / spine length:0.7mm,Thorn / spine length:0.82mm,Thorn / spine length:0.92mm,Thorn / spine length:0.9mm,Thorn / spine length:1.22mm,Thorn / spine length:1.24mm,Thorn / spine length:3.32mm",,"['TRY (van der Plas, F. & Olff, H. (2014) Mesoherbivores affect grasshopper communities in a megaherbivore-dominated South African savannah. Oecologia 175: 639. doi:10.1007/s00442-014-2920-z)']"
140,72000-1,Alphonsea monogyna,Alphonsea monogyna,72000-1,Species,Stem thorny:yes,,"['TRY (Wang, Han; Harrison, Sandy P; Prentice, Iain Colin; Yang, Yanzheng; Bai, Fan; Furstenau Togashi, Henrique; Wang, Meng; Zhou, Shuangxi; Ni, Jian (2017): The China Plant Trait Database. PANGAEA, https://doi.org/10.1594/PANGAEA.871819)']"
141,723452-1,Crataegus germanica,Crataegus germanica,723452-1,Species,Spinescence / thorniness:2,,"['TRY (Burrascano S, Copiz R, Del Vico E, Fagiani S, Giarrizzo E, Mei M, Mortelliti A, Sabatini FM, Blasi C (2015) Wild boar rooting intensity determines shifts in understorey composition and functional traits. COMMUNITY ECOLOGY 16(2) 244-253 DOI: 10.1556/168.2015.16.2.12)']"
142,723820-1,Crataegus monogyna,Crataegus monogyna,723820-1,Species,"Spinescence / thorniness:2,Thorn / spine length:22mm,Thorn density:1",,"['TRY (Díaz, S., J. G. Hodgson, K. Thompson, M. Cabido, J. H. C. Cornelissen, A. Jalili, G. Montserrat-Martí, J. P. Grime, F. Zarrinkamar, Y. Asri, S. R. Band, S. Basconcelo, P. Castro-Díez, G. Funes, B. Hamzehee, M. Khoshnevi, N. Pérez-Harguindeguy, M. C. Pérez-Rontomé, F. A. Shirvany, F. Vendramini, S. Yazdani, R. Abbas-Azimi, A. Bogaard, S. Boustani, M. Charles, M. Dehghan, L. de Torres-Espuny, V. Falczuk, J. Guerrero-Campo, A. Hynd, G. Jones, E. Kowsary, F. Kazemi-Saeed, M. Maestro-Martínez, A. Romo-Díez, S. Shaw, B. Siavash, P. Villar-Salvador, and M. R. Zak. 2004. The plant traits that drive ecosystems: Evidence from three continents. Journal of Vegetation Science 15:295-304.)']"
143,724590-1,Dasiphora fruticosa,Dasiphora fruticosa,724590-1,Species,Leaf spines:terminal,,"['TRY (Wang, Han; Harrison, Sandy P; Prentice, Iain Colin; Yang, Yanzheng; Bai, Fan; Furstenau Togashi, Henrique; Wang, Meng; Zhou, Shuangxi; Ni, Jian (2017): The China Plant Trait Database. PANGAEA, https://doi.org/10.1594/PANGAEA.871819)']"
144,72604-1,Cleistochlamys kirkii,Cleistochlamys kirkii,72604-1,Species,"Thorn / spine length:0.14mm,Thorn / spine length:0.18mm",,"['TRY (van der Plas, F. & Olff, H. (2014) Mesoherbivores affect grasshopper communities in a megaherbivore-dominated South African savannah. Oecologia 175: 639. doi:10.1007/s00442-014-2920-z)']"
145,726415-1,Malus sylvestris,Malus sylvestris,726415-1,Species,Spinescence / thorniness:2,,"['TRY (Burrascano S, Copiz R, Del Vico E, Fagiani S, Giarrizzo E, Mei M, Mortelliti A, Sabatini FM, Blasi C (2015) Wild boar rooting intensity determines shifts in understorey composition and functional traits. COMMUNITY ECOLOGY 16(2) 244-253 DOI: 10.1556/168.2015.16.2.12)']"
146,727386-1,Photinia glabra,Photinia glabra,727386-1,Species,"Leaf Spines: marginal:yes,Leaf spines:marginal",,"['TRY (Prentice, I.C., Meng, T., Wang, H., Harrison, S.P., Ni, J., Wang, G., 2011. Evidence for a universal scaling relationship of leaf CO2 drawdown along a moisture gradient. New Phytologist 190: 169\x96180)']"
147,729370-1,Pourthiaea arguta,Pourthiaea arguta,729370-1,Species,"Leaf Spines: marginal:yes,Leaf spines:marginal",,"['TRY (Prentice, I.C., Meng, T., Wang, H., Harrison, S.P., Ni, J., Wang, G., 2011. Evidence for a universal scaling relationship of leaf CO2 drawdown along a moisture gradient. New Phytologist 190: 169\x96180)']"
148,729709-1,Prunus fenzliana,Prunus fenzliana,729709-1,Species,Thorn / spine length:4mm,,"['TRY (Díaz, S., J. G. Hodgson, K. Thompson, M. Cabido, J. H. C. Cornelissen, A. Jalili, G. Montserrat-Martí, J. P. Grime, F. Zarrinkamar, Y. Asri, S. R. Band, S. Basconcelo, P. Castro-Díez, G. Funes, B. Hamzehee, M. Khoshnevi, N. Pérez-Harguindeguy, M. C. Pérez-Rontomé, F. A. Shirvany, F. Vendramini, S. Yazdani, R. Abbas-Azimi, A. Bogaard, S. Boustani, M. Charles, M. Dehghan, L. de Torres-Espuny, V. Falczuk, J. Guerrero-Campo, A. Hynd, G. Jones, E. Kowsary, F. Kazemi-Saeed, M. Maestro-Martínez, A. Romo-Díez, S. Shaw, B. Siavash, P. Villar-Salvador, and M. R. Zak. 2004. The plant traits that drive ecosystems: Evidence from three continents. Journal of Vegetation Science 15:295-304.)']"
149,730297-1,Prunus spinosa,Prunus spinosa,730297-1,Species,"Thorn / spine length:20mm,Thorn / spine length:28mm,Thorn density:1",,"['TRY (Díaz, S., J. G. Hodgson, K. Thompson, M. Cabido, J. H. C. Cornelissen, A. Jalili, G. Montserrat-Martí, J. P. Grime, F. Zarrinkamar, Y. Asri, S. R. Band, S. Basconcelo, P. Castro-Díez, G. Funes, B. Hamzehee, M. Khoshnevi, N. Pérez-Harguindeguy, M. C. Pérez-Rontomé, F. A. Shirvany, F. Vendramini, S. Yazdani, R. Abbas-Azimi, A. Bogaard, S. Boustani, M. Charles, M. Dehghan, L. de Torres-Espuny, V. Falczuk, J. Guerrero-Campo, A. Hynd, G. Jones, E. Kowsary, F. Kazemi-Saeed, M. Maestro-Martínez, A. Romo-Díez, S. Shaw, B. Siavash, P. Villar-Salvador, and M. R. Zak. 2004. The plant traits that drive ecosystems: Evidence from three continents. Journal of Vegetation Science 15:295-304.)']"
150,730445-1,Prunus zippeliana,Prunus zippeliana,730445-1,Species,"Leaf Spines: marginal:yes,Leaf spines:marginal",,"['TRY (Prentice, I.C., Meng, T., Wang, H., Harrison, S.P., Ni, J., Wang, G., 2011. Evidence for a universal scaling relationship of leaf CO2 drawdown along a moisture gradient. New Phytologist 190: 169\x96180)']"
151,731955-1,Rosa canina,Rosa canina,731955-1,Species,Thorn / spine length:5mm,,"['TRY (Díaz, S., J. G. Hodgson, K. Thompson, M. Cabido, J. H. C. Cornelissen, A. Jalili, G. Montserrat-Martí, J. P. Grime, F. Zarrinkamar, Y. Asri, S. R. Band, S. Basconcelo, P. Castro-Díez, G. Funes, B. Hamzehee, M. Khoshnevi, N. Pérez-Harguindeguy, M. C. Pérez-Rontomé, F. A. Shirvany, F. Vendramini, S. Yazdani, R. Abbas-Azimi, A. Bogaard, S. Boustani, M. Charles, M. Dehghan, L. de Torres-Espuny, V. Falczuk, J. Guerrero-Campo, A. Hynd, G. Jones, E. Kowsary, F. Kazemi-Saeed, M. Maestro-Martínez, A. Romo-Díez, S. Shaw, B. Siavash, P. Villar-Salvador, and M. R. Zak. 2004. The plant traits that drive ecosystems: Evidence from three continents. Journal of Vegetation Science 15:295-304.)']"
152,732892-1,Rosa indica,Rosa indica,732892-1,Species,Stem thorny:yes,,"['TRY (Prentice, I.C., Meng, T., Wang, H., Harrison, S.P., Ni, J., Wang, G., 2011. Evidence for a universal scaling relationship of leaf CO2 drawdown along a moisture gradient. New Phytologist 190: 169\x96180)']"
153,733047-1,Rosa laevigata,Rosa laevigata,733047-1,Species,Stem thorny:yes,,"['TRY (Prentice, I.C., Meng, T., Wang, H., Harrison, S.P., Ni, J., Wang, G., 2011. Evidence for a universal scaling relationship of leaf CO2 drawdown along a moisture gradient. New Phytologist 190: 169\x96180)']"
154,733154-1,Rosa longicuspis,Rosa longicuspis,733154-1,Species,"Leaf spines:midrib/veins,Stem thorny:yes",,"['TRY (Wang, Han; Harrison, Sandy P; Prentice, Iain Colin; Yang, Yanzheng; Bai, Fan; Furstenau Togashi, Henrique; Wang, Meng; Zhou, Shuangxi; Ni, Jian (2017): The China Plant Trait Database. PANGAEA, https://doi.org/10.1594/PANGAEA.871819)']"
155,734215-1,Rosa sempervirens,Rosa sempervirens,734215-1,Species,Spinescence / thorniness:3,,"['TRY (Burrascano S, Copiz R, Del Vico E, Fagiani S, Giarrizzo E, Mei M, Mortelliti A, Sabatini FM, Blasi C (2015) Wild boar rooting intensity determines shifts in understorey composition and functional traits. COMMUNITY ECOLOGY 16(2) 244-253 DOI: 10.1556/168.2015.16.2.12)']"
156,735918-1,Rubus columellaris,Rubus columellaris,735918-1,Species,"Leaf thorn:yes,Stem thorny:yes",,"['TRY (Prentice, I.C., Meng, T., Wang, H., Harrison, S.P., Ni, J., Wang, G., 2011. Evidence for a universal scaling relationship of leaf CO2 drawdown along a moisture gradient. New Phytologist 190: 169\x96180)']"
157,736023-1,Rubus corchorifolius,Rubus corchorifolius,736023-1,Species,"Leaf Spines: midrib/veins:yes,Leaf spines:midrib/veins,Stem thorny:yes",,"['TRY (Prentice, I.C., Meng, T., Wang, H., Harrison, S.P., Ni, J., Wang, G., 2011. Evidence for a universal scaling relationship of leaf CO2 drawdown along a moisture gradient. New Phytologist 190: 169\x96180)']"
158,737519-1,Rubus ichangensis,Rubus ichangensis,737519-1,Species,"Leaf Spines: marginal:yes,Leaf Spines: midrib/veins:yes,Leaf spines:midrib/veins and marginal,Stem spiny:yes",,"['TRY (Prentice, I.C., Meng, T., Wang, H., Harrison, S.P., Ni, J., Wang, G., 2011. Evidence for a universal scaling relationship of leaf CO2 drawdown along a moisture gradient. New Phytologist 190: 169\x96180)']"
159,738269-1,Rubus malifolius,Rubus malifolius,738269-1,Species,"Leaf Spines: marginal:yes,Leaf Spines: midrib/veins:yes,Leaf spines:midrib/veins and marginal,Stem spiny:yes",,"['TRY (Prentice, I.C., Meng, T., Wang, H., Harrison, S.P., Ni, J., Wang, G., 2011. Evidence for a universal scaling relationship of leaf CO2 drawdown along a moisture gradient. New Phytologist 190: 169\x96180)']"
160,738923-1,Rubus paniculatus,Rubus paniculatus,738923-1,Species,"Leaf thorn:yes,Stem thorny:yes",,"['TRY (Wang, Han; Harrison, Sandy P; Prentice, Iain Colin; Yang, Yanzheng; Bai, Fan; Furstenau Togashi, Henrique; Wang, Meng; Zhou, Shuangxi; Ni, Jian (2017): The China Plant Trait Database. PANGAEA, https://doi.org/10.1594/PANGAEA.871819)']"
161,738967-1,Rubus parvifolius,Rubus parvifolius,738967-1,Species,Stem spiny:yes,,"['TRY (Prentice, I.C., Meng, T., Wang, H., Harrison, S.P., Ni, J., Wang, G., 2011. Evidence for a universal scaling relationship of leaf CO2 drawdown along a moisture gradient. New Phytologist 190: 169\x96180)']"
162,740982-1,Rubus ulmifolius,Rubus ulmifolius,740982-1,Species,"Spinescence / thorniness:3,Thorn / spine length:8mm",,"['TRY (Díaz, S., J. G. Hodgson, K. Thompson, M. Cabido, J. H. C. Cornelissen, A. Jalili, G. Montserrat-Martí, J. P. Grime, F. Zarrinkamar, Y. Asri, S. R. Band, S. Basconcelo, P. Castro-Díez, G. Funes, B. Hamzehee, M. Khoshnevi, N. Pérez-Harguindeguy, M. C. Pérez-Rontomé, F. A. Shirvany, F. Vendramini, S. Yazdani, R. Abbas-Azimi, A. Bogaard, S. Boustani, M. Charles, M. Dehghan, L. de Torres-Espuny, V. Falczuk, J. Guerrero-Campo, A. Hynd, G. Jones, E. Kowsary, F. Kazemi-Saeed, M. Maestro-Martínez, A. Romo-Díez, S. Shaw, B. Siavash, P. Villar-Salvador, and M. R. Zak. 2004. The plant traits that drive ecosystems: Evidence from three continents. Journal of Vegetation Science 15:295-304.)']"
163,741131-1,Rubus vestitus,Rubus vestitus,741131-1,Species,"Thorn / spine length:3mm,Thorn density:2",,"['TRY (Díaz, S., J. G. Hodgson, K. Thompson, M. Cabido, J. H. C. Cornelissen, A. Jalili, G. Montserrat-Martí, J. P. Grime, F. Zarrinkamar, Y. Asri, S. R. Band, S. Basconcelo, P. Castro-Díez, G. Funes, B. Hamzehee, M. Khoshnevi, N. Pérez-Harguindeguy, M. C. Pérez-Rontomé, F. A. Shirvany, F. Vendramini, S. Yazdani, R. Abbas-Azimi, A. Bogaard, S. Boustani, M. Charles, M. Dehghan, L. de Torres-Espuny, V. Falczuk, J. Guerrero-Campo, A. Hynd, G. Jones, E. Kowsary, F. Kazemi-Saeed, M. Maestro-Martínez, A. Romo-Díez, S. Shaw, B. Siavash, P. Villar-Salvador, and M. R. Zak. 2004. The plant traits that drive ecosystems: Evidence from three continents. Journal of Vegetation Science 15:295-304.)']"
164,741293-1,Rubus xanthocarpus,Rubus xanthocarpus,741293-1,Species,"Leaf Spines: midrib/veins:yes,Leaf spines:midrib/veins,Stem thorny:yes",,"['TRY (Prentice, I.C., Meng, T., Wang, H., Harrison, S.P., Ni, J., Wang, G., 2011. Evidence for a universal scaling relationship of leaf CO2 drawdown along a moisture gradient. New Phytologist 190: 169\x96180)']"
165,742430-1,Spiraea ouensanensis,Spiraea ouensanensis,742430-1,Species,Leaf spines:terminal,,"['TRY (Wang, Han; Harrison, Sandy P; Prentice, Iain Colin; Yang, Yanzheng; Bai, Fan; Furstenau Togashi, Henrique; Wang, Meng; Zhou, Shuangxi; Ni, Jian (2017): The China Plant Trait Database. PANGAEA, https://doi.org/10.1594/PANGAEA.871819)']"
166,745464-1,Canthium horridum,Canthium horridum,745464-1,Species,Stem thorny:yes,,"['TRY (Wang, Han; Harrison, Sandy P; Prentice, Iain Colin; Yang, Yanzheng; Bai, Fan; Furstenau Togashi, Henrique; Wang, Meng; Zhou, Shuangxi; Ni, Jian (2017): The China Plant Trait Database. PANGAEA, https://doi.org/10.1594/PANGAEA.871819)']"
167,745470-1,Canthium inerme,Canthium inerme,745470-1,Species,"Spinescence / thorniness:yes,Thorn / spine length:0.87mm,Thorn / spine length:1.54mm",,"['TRY (Onstein RE, Richard J. Carter, Yaowu Xing, H. Peter LinderInstitute (2014) Diversification rate shifts in the Cape Floristic Region: The right traits in the right place at the right time. Perspectives in Plant Ecology, Evolution and Systematics 16(6) 331\x96340 DOI:10.1016/j.ppees.2014.08.002)']"
168,748107-1,Damnacanthus indicus,Damnacanthus indicus,748107-1,Species,Stem spiny:yes,,"['TRY (Prentice, I.C., Meng, T., Wang, H., Harrison, S.P., Ni, J., Wang, G., 2011. Evidence for a universal scaling relationship of leaf CO2 drawdown along a moisture gradient. New Phytologist 190: 169\x96180)']"
169,750968-1,Gardenia cornuta,Gardenia cornuta,750968-1,Species,Thorn / spine length:0.6mm,,"['TRY (van der Plas, F. & Olff, H. (2014) Mesoherbivores affect grasshopper communities in a megaherbivore-dominated South African savannah. Oecologia 175: 639. doi:10.1007/s00442-014-2920-z)']"
170,760797-1,Plectroniella armata,Plectroniella armata,760797-1,Species,"Thorn / spine length:0.84mm,Thorn / spine length:1.14mm,Thorn / spine length:1.5mm,Thorn / spine length:1.94mm,Thorn / spine length:1mm",,"['TRY (van der Plas, F. & Olff, H. (2014) Mesoherbivores affect grasshopper communities in a megaherbivore-dominated South African savannah. Oecologia 175: 639. doi:10.1007/s00442-014-2920-z)']"
171,765218-1,Rubia cordifolia,Rubia cordifolia,765218-1,Species,"Leaf Spines: lower:yes,Leaf spines:abaxial,Stem spiny:yes",,"['TRY (Prentice, I.C., Meng, T., Wang, H., Harrison, S.P., Ni, J., Wang, G., 2011. Evidence for a universal scaling relationship of leaf CO2 drawdown along a moisture gradient. New Phytologist 190: 169\x96180)']"
172,767683-1,Tetrastigma hemsleyanum,Tetrastigma hemsleyanum,767683-1,Species,"Leaf Spines: marginal:yes,Leaf spines:marginal",,"['TRY (Prentice, I.C., Meng, T., Wang, H., Harrison, S.P., Ni, J., Wang, G., 2011. Evidence for a universal scaling relationship of leaf CO2 drawdown along a moisture gradient. New Phytologist 190: 169\x96180)']"
173,768268-1,Uncaria laevigata,Uncaria laevigata,768268-1,Species,Stem spiny:yes,,"['TRY (Wang, Han; Harrison, Sandy P; Prentice, Iain Colin; Yang, Yanzheng; Bai, Fan; Furstenau Togashi, Henrique; Wang, Meng; Zhou, Shuangxi; Ni, Jian (2017): The China Plant Trait Database. PANGAEA, https://doi.org/10.1594/PANGAEA.871819)']"
174,77080011-1,Iris oxypetala,Iris oxypetala,77080011-1,Species,Leaf Spines: terminal:yes,,"['TRY (Prentice, I.C., Meng, T., Wang, H., Harrison, S.P., Ni, J., Wang, G., 2011. Evidence for a universal scaling relationship of leaf CO2 drawdown along a moisture gradient. New Phytologist 190: 169\x96180)']"
175,77087189-1,Vachellia karroo,Vachellia karroo,77087189-1,Species,"Thorn / spine length:1.14mm,Thorn / spine length:1.16mm,Thorn / spine length:1.26mm,Thorn / spine length:1.3mm,Thorn / spine length:1.4mm,Thorn / spine length:1.54mm,Thorn / spine length:1.74mm,Thorn / spine length:2.04mm,Thorn / spine length:2.46mm",,"['TRY (van der Plas, F. & Olff, H. (2014) Mesoherbivores affect grasshopper communities in a megaherbivore-dominated South African savannah. Oecologia 175: 639. doi:10.1007/s00442-014-2920-z)']"
176,77087190-1,Vachellia tortilis,Vachellia tortilis,77087190-1,Species,"Thorn / spine length:0.72mm,Thorn / spine length:0.74mm,Thorn / spine length:1.04mm,Thorn / spine length:2.9mm,Thorn / spine length:3.88mm",,"['TRY (van der Plas, F. & Olff, H. (2014) Mesoherbivores affect grasshopper communities in a megaherbivore-dominated South African savannah. Oecologia 175: 639. doi:10.1007/s00442-014-2920-z)']"
177,77088480-1,Searsia paniculata,Searsia paniculata,77088480-1,Species,Leaf spines:terminal,,"['TRY (Wang, Han; Harrison, Sandy P; Prentice, Iain Colin; Yang, Yanzheng; Bai, Fan; Furstenau Togashi, Henrique; Wang, Meng; Zhou, Shuangxi; Ni, Jian (2017): The China Plant Trait Database. PANGAEA, https://doi.org/10.1594/PANGAEA.871819)']"
178,77089267-1,Senegalia caffra,Senegalia caffra,77089267-1,Species,"Thorn / spine length:0.19mm,Thorn / spine length:0.22mm,Thorn / spine length:0.26mm,Thorn / spine length:0.38mm,Thorn / spine length:0.41mm",,"['TRY (van der Plas, F. & Olff, H. (2014) Mesoherbivores affect grasshopper communities in a megaherbivore-dominated South African savannah. Oecologia 175: 639. doi:10.1007/s00442-014-2920-z)']"
179,77089270-1,Senegalia nigrescens,Senegalia nigrescens,77089270-1,Species,"Thorn / spine length:0.27mm,Thorn / spine length:0.34mm,Thorn / spine length:0.4mm",,"['TRY (van der Plas, F. & Olff, H. (2014) Mesoherbivores affect grasshopper communities in a megaherbivore-dominated South African savannah. Oecologia 175: 639. doi:10.1007/s00442-014-2920-z)']"
180,77089274-1,Vachellia gerrardii,Vachellia gerrardii,77089274-1,Species,"Thorn / spine length:0.92mm,Thorn / spine length:1.34mm,Thorn / spine length:1.64mm,Thorn / spine length:2mm,Thorn / spine length:3.18mm",,"['TRY (van der Plas, F. & Olff, H. (2014) Mesoherbivores affect grasshopper communities in a megaherbivore-dominated South African savannah. Oecologia 175: 639. doi:10.1007/s00442-014-2920-z)']"
181,77089275-1,Vachellia nilotica,Vachellia nilotica,77089275-1,Species,"Spinescence / thorniness:5,Thorn / spine length:0.66mm,Thorn / spine length:0.9mm,Thorn / spine length:1.44mm,Thorn / spine length:1.82mm,Thorn / spine length:1.88mm,Thorn / spine length:1.9mm,Thorn / spine length:2.14mm,Thorn / spine length:2.26mm,Thorn / spine length:2.4mm,Thorn / spine length:2mm,Thorn / spine length:3.06mm,Thorn / spine length:3.52mm,Thorn / spine length:3.76mm",,"['TRY (van der Plas, F. & Olff, H. (2014) Mesoherbivores affect grasshopper communities in a megaherbivore-dominated South African savannah. Oecologia 175: 639. doi:10.1007/s00442-014-2920-z)']"
182,77092562-1,Larix gmelinii,Larix gmelinii,77092562-1,Species,Leaf spines:terminal,,"['TRY (Wang, Han; Harrison, Sandy P; Prentice, Iain Colin; Yang, Yanzheng; Bai, Fan; Furstenau Togashi, Henrique; Wang, Meng; Zhou, Shuangxi; Ni, Jian (2017): The China Plant Trait Database. PANGAEA, https://doi.org/10.1594/PANGAEA.871819)']"
183,77095032-1,Pinus sylvestris var. mongholica,Pinus sylvestris,263353-1,Variety,Leaf spines:terminal,,"['TRY (Wang, Han; Harrison, Sandy P; Prentice, Iain Colin; Yang, Yanzheng; Bai, Fan; Furstenau Togashi, Henrique; Wang, Meng; Zhou, Shuangxi; Ni, Jian (2017): The China Plant Trait Database. PANGAEA, https://doi.org/10.1594/PANGAEA.871819)']"
184,77125575-1,Senegalia pennata,Senegalia pennata,77125575-1,Species,Stem thorny:yes,,"['TRY (Wang, Han; Harrison, Sandy P; Prentice, Iain Colin; Yang, Yanzheng; Bai, Fan; Furstenau Togashi, Henrique; Wang, Meng; Zhou, Shuangxi; Ni, Jian (2017): The China Plant Trait Database. PANGAEA, https://doi.org/10.1594/PANGAEA.871819)']"
185,77130555-1,Smilax chinensis,Smilax chinensis,77130555-1,Species,Stem thorny:yes,,"['TRY (Wang, Han; Harrison, Sandy P; Prentice, Iain Colin; Yang, Yanzheng; Bai, Fan; Furstenau Togashi, Henrique; Wang, Meng; Zhou, Shuangxi; Ni, Jian (2017): The China Plant Trait Database. PANGAEA, https://doi.org/10.1594/PANGAEA.871819)']"
186,77130763-1,Senegalia burkei,Senegalia burkei,77130763-1,Species,"Thorn / spine length:0.24mm,Thorn / spine length:0.32mm,Thorn / spine length:0.35mm,Thorn / spine length:0.44mm,Thorn / spine length:2.5mm",,"['TRY (van der Plas, F. & Olff, H. (2014) Mesoherbivores affect grasshopper communities in a megaherbivore-dominated South African savannah. Oecologia 175: 639. doi:10.1007/s00442-014-2920-z)']"
187,77183777-1,Staphylea arguta,Staphylea arguta,77183777-1,Species,"Leaf Spines: marginal:yes,Leaf spines:marginal",,"['TRY (Prentice, I.C., Meng, T., Wang, H., Harrison, S.P., Ni, J., Wang, G., 2011. Evidence for a universal scaling relationship of leaf CO2 drawdown along a moisture gradient. New Phytologist 190: 169\x96180)']"
188,77189030-1,Quercus aliena var. acuteserrata,Quercus aliena,295765-1,Variety,Leaf spines:marginal,,"['TRY (Wang, Han; Harrison, Sandy P; Prentice, Iain Colin; Yang, Yanzheng; Bai, Fan; Furstenau Togashi, Henrique; Wang, Meng; Zhou, Shuangxi; Ni, Jian (2017): The China Plant Trait Database. PANGAEA, https://doi.org/10.1594/PANGAEA.871819)']"
189,77190043-1,Olea europaea subsp. cuspidata,Olea europaea,610675-1,Subspecies,Leaf spines:terminal,,"['TRY (Wang, Han; Harrison, Sandy P; Prentice, Iain Colin; Yang, Yanzheng; Bai, Fan; Furstenau Togashi, Henrique; Wang, Meng; Zhou, Shuangxi; Ni, Jian (2017): The China Plant Trait Database. PANGAEA, https://doi.org/10.1594/PANGAEA.871819)']"
190,77194041-1,Zanthoxylum asiaticum,Zanthoxylum asiaticum,77194041-1,Species,Stem thorny:yes,,"['TRY (Wang, Han; Harrison, Sandy P; Prentice, Iain Colin; Yang, Yanzheng; Bai, Fan; Furstenau Togashi, Henrique; Wang, Meng; Zhou, Shuangxi; Ni, Jian (2017): The China Plant Trait Database. PANGAEA, https://doi.org/10.1594/PANGAEA.871819)']"
191,77207160-1,Rhaphiolepis bengalensis,Rhaphiolepis bengalensis,77207160-1,Species,Leaf spines:marginal,,"['TRY (Wang, Han; Harrison, Sandy P; Prentice, Iain Colin; Yang, Yanzheng; Bai, Fan; Furstenau Togashi, Henrique; Wang, Meng; Zhou, Shuangxi; Ni, Jian (2017): The China Plant Trait Database. PANGAEA, https://doi.org/10.1594/PANGAEA.871819)']"
192,77210425-1,Stranvaesia bodinieri,Stranvaesia bodinieri,77210425-1,Species,"Leaf Spines: marginal:yes,Leaf spines:marginal",,"['TRY (Prentice, I.C., Meng, T., Wang, H., Harrison, S.P., Ni, J., Wang, G., 2011. Evidence for a universal scaling relationship of leaf CO2 drawdown along a moisture gradient. New Phytologist 190: 169\x96180)']"
193,77226175-1,Rhamnus erythroxyloides subsp. erythroxyloides,Rhamnus erythroxyloides,927796-1,Subspecies,Thorn / spine length:10mm,,"['TRY (Díaz, S., J. G. Hodgson, K. Thompson, M. Cabido, J. H. C. Cornelissen, A. Jalili, G. Montserrat-Martí, J. P. Grime, F. Zarrinkamar, Y. Asri, S. R. Band, S. Basconcelo, P. Castro-Díez, G. Funes, B. Hamzehee, M. Khoshnevi, N. Pérez-Harguindeguy, M. C. Pérez-Rontomé, F. A. Shirvany, F. Vendramini, S. Yazdani, R. Abbas-Azimi, A. Bogaard, S. Boustani, M. Charles, M. Dehghan, L. de Torres-Espuny, V. Falczuk, J. Guerrero-Campo, A. Hynd, G. Jones, E. Kowsary, F. Kazemi-Saeed, M. Maestro-Martínez, A. Romo-Díez, S. Shaw, B. Siavash, P. Villar-Salvador, and M. R. Zak. 2004. The plant traits that drive ecosystems: Evidence from three continents. Journal of Vegetation Science 15:295-304.)']"
194,77228049-1,Berberis napaulensis var. napaulensis,Berberis napaulensis,60461528-2,Variety,Leaf spines:marginal,,"['TRY (Wang, Han; Harrison, Sandy P; Prentice, Iain Colin; Yang, Yanzheng; Bai, Fan; Furstenau Togashi, Henrique; Wang, Meng; Zhou, Shuangxi; Ni, Jian (2017): The China Plant Trait Database. PANGAEA, https://doi.org/10.1594/PANGAEA.871819)']"
195,77231245-1,Ilex wattii subsp. wattii,Ilex wattii,83874-1,Subspecies,Leaf spines:marginal,,"['TRY (Wang, Han; Harrison, Sandy P; Prentice, Iain Colin; Yang, Yanzheng; Bai, Fan; Furstenau Togashi, Henrique; Wang, Meng; Zhou, Shuangxi; Ni, Jian (2017): The China Plant Trait Database. PANGAEA, https://doi.org/10.1594/PANGAEA.871819)']"
196,77231349-1,Pyrus communis subsp. communis,Pyrus communis,30065762-2,Subspecies,Spinescence / thorniness:2,,"['TRY (Burrascano S, Copiz R, Del Vico E, Fagiani S, Giarrizzo E, Mei M, Mortelliti A, Sabatini FM, Blasi C (2015) Wild boar rooting intensity determines shifts in understorey composition and functional traits. COMMUNITY ECOLOGY 16(2) 244-253 DOI: 10.1556/168.2015.16.2.12)']"
197,77231604-1,Cirsium arvense var. arvense,Cirsium arvense,195034-1,Variety,"Leaf Spines: marginal:yes,Leaf spines:marginal",,"['TRY (Prentice, I.C., Meng, T., Wang, H., Harrison, S.P., Ni, J., Wang, G., 2011. Evidence for a universal scaling relationship of leaf CO2 drawdown along a moisture gradient. New Phytologist 190: 169\x96180)']"
198,775632-1,Zanthoxylum capense,Zanthoxylum capense,775632-1,Species,"Thorn / spine length:0.38mm,Thorn / spine length:0.58mm",,"['TRY (van der Plas, F. & Olff, H. (2014) Mesoherbivores affect grasshopper communities in a megaherbivore-dominated South African savannah. Oecologia 175: 639. doi:10.1007/s00442-014-2920-z)']"
199,775706-1,Zanthoxylum echinocarpum,Zanthoxylum echinocarpum,775706-1,Species,Stem thorny:yes,,"['TRY (Prentice, I.C., Meng, T., Wang, H., Harrison, S.P., Ni, J., Wang, G., 2011. Evidence for a universal scaling relationship of leaf CO2 drawdown along a moisture gradient. New Phytologist 190: 169\x96180)']"
200,776011-1,Zanthoxylum schinifolium,Zanthoxylum schinifolium,776011-1,Species,Stem spiny:yes,,"['TRY (Prentice, I.C., Meng, T., Wang, H., Harrison, S.P., Ni, J., Wang, G., 2011. Evidence for a universal scaling relationship of leaf CO2 drawdown along a moisture gradient. New Phytologist 190: 169\x96180)']"
201,776171-1,Meliosma arnottiana,Meliosma arnottiana,776171-1,Species,Leaf spines:marginal,,"['TRY (Wang, Han; Harrison, Sandy P; Prentice, Iain Colin; Yang, Yanzheng; Bai, Fan; Furstenau Togashi, Henrique; Wang, Meng; Zhou, Shuangxi; Ni, Jian (2017): The China Plant Trait Database. PANGAEA, https://doi.org/10.1594/PANGAEA.871819)']"
202,77685-1,Carissa bispinosa,Carissa bispinosa,77685-1,Species,Spinescence / thorniness:yes,,"['TRY (Onstein RE, Richard J. Carter, Yaowu Xing, H. Peter LinderInstitute (2014) Diversification rate shifts in the Cape Floristic Region: The right traits in the right place at the right time. Perspectives in Plant Ecology, Evolution and Systematics 16(6) 331\x96340 DOI:10.1016/j.ppees.2014.08.002)']"
203,776940-1,Salix abscondita,Salix abscondita,776940-1,Species,Leaf spines:terminal,,"['TRY (Wang, Han; Harrison, Sandy P; Prentice, Iain Colin; Yang, Yanzheng; Bai, Fan; Furstenau Togashi, Henrique; Wang, Meng; Zhou, Shuangxi; Ni, Jian (2017): The China Plant Trait Database. PANGAEA, https://doi.org/10.1594/PANGAEA.871819)']"
204,77756-1,Carissa spinarum,Carissa spinarum,77756-1,Species,"Leaf spines:terminal,Stem spiny:yes",,"['TRY (Wang, Han; Harrison, Sandy P; Prentice, Iain Colin; Yang, Yanzheng; Bai, Fan; Furstenau Togashi, Henrique; Wang, Meng; Zhou, Shuangxi; Ni, Jian (2017): The China Plant Trait Database. PANGAEA, https://doi.org/10.1594/PANGAEA.871819)']"
205,787674-1,Manilkara mochisia,Manilkara mochisia,787674-1,Species,Spinescence / thorniness:1,,"['TRY (Joseph, G.S., Seymour, C.L., Cumming, G.S., Cumming, D.H.M., & Mahlangu, Z. 2014. Termite mounds increase functional diversity of woody plants in African savannas. Ecosystems 17: 808\x96819.)']"
206,790315-1,Astilbe rubra,Astilbe rubra,790315-1,Species,"Leaf Spines: lower:yes,Leaf Spines: marginal:yes,Leaf spines:abaxial",,"['TRY (Prentice, I.C., Meng, T., Wang, H., Harrison, S.P., Ni, J., Wang, G., 2011. Evidence for a universal scaling relationship of leaf CO2 drawdown along a moisture gradient. New Phytologist 190: 169\x96180)']"
207,792329-1,Philadelphus tenuifolius,Philadelphus tenuifolius,792329-1,Species,Leaf spines:marginal,,"['TRY (Wang, Han; Harrison, Sandy P; Prentice, Iain Colin; Yang, Yanzheng; Bai, Fan; Furstenau Togashi, Henrique; Wang, Meng; Zhou, Shuangxi; Ni, Jian (2017): The China Plant Trait Database. PANGAEA, https://doi.org/10.1594/PANGAEA.871819)']"
208,792833-1,Ribes mandshuricum,Ribes mandshuricum,792833-1,Species,Leaf spines:marginal,,"['TRY (Wang, Han; Harrison, Sandy P; Prentice, Iain Colin; Yang, Yanzheng; Bai, Fan; Furstenau Togashi, Henrique; Wang, Meng; Zhou, Shuangxi; Ni, Jian (2017): The China Plant Trait Database. PANGAEA, https://doi.org/10.1594/PANGAEA.871819)']"
209,816497-1,Lycium intricatum,Lycium intricatum,816497-1,Species,Spinescence / thorniness:Presence,,"[""TRY (Frenette-Dussault, C., Shipley, B., Léger, J.F., Meziane, D. & Hingrat, Y. (2012). Functional structure of an arid steppe plant community reveals similarities with Grime's C-S-R theory. Journal of Vegetation Science 23: 208-222.)""]"
210,816609-1,Lycium ruthenicum,Lycium ruthenicum,816609-1,Species,Stem spiny:yes,,"['TRY (Prentice, I.C., Meng, T., Wang, H., Harrison, S.P., Ni, J., Wang, G., 2011. Evidence for a universal scaling relationship of leaf CO2 drawdown along a moisture gradient. New Phytologist 190: 169\x96180)']"
211,826979-1,Symplocos acuminata,Symplocos acuminata,826979-1,Species,"Leaf Spines: marginal:yes,Leaf spines:marginal",,"['TRY (Prentice, I.C., Meng, T., Wang, H., Harrison, S.P., Ni, J., Wang, G., 2011. Evidence for a universal scaling relationship of leaf CO2 drawdown along a moisture gradient. New Phytologist 190: 169\x96180)']"
212,828517-1,Camellia fraterna,Camellia fraterna,828517-1,Species,"Leaf Spines: marginal:yes,Leaf spines:marginal",,"['TRY (Prentice, I.C., Meng, T., Wang, H., Harrison, S.P., Ni, J., Wang, G., 2011. Evidence for a universal scaling relationship of leaf CO2 drawdown along a moisture gradient. New Phytologist 190: 169\x96180)']"
213,828535-1,Camellia oleifera,Camellia oleifera,828535-1,Species,Leaf Spines: marginal:yes,,"['TRY (Prentice, I.C., Meng, T., Wang, H., Harrison, S.P., Ni, J., Wang, G., 2011. Evidence for a universal scaling relationship of leaf CO2 drawdown along a moisture gradient. New Phytologist 190: 169\x96180)']"
214,829893-1,Camellia cordifolia,Camellia cordifolia,829893-1,Species,"Leaf Spines: marginal:yes,Leaf spines:marginal",,"['TRY (Prentice, I.C., Meng, T., Wang, H., Harrison, S.P., Ni, J., Wang, G., 2011. Evidence for a universal scaling relationship of leaf CO2 drawdown along a moisture gradient. New Phytologist 190: 169\x96180)']"
215,829907-1,Camellia furfuracea,Camellia furfuracea,829907-1,Species,"Leaf Spines: marginal:yes,Leaf spines:marginal",,"['TRY (Prentice, I.C., Meng, T., Wang, H., Harrison, S.P., Ni, J., Wang, G., 2011. Evidence for a universal scaling relationship of leaf CO2 drawdown along a moisture gradient. New Phytologist 190: 169\x96180)']"
216,829958-1,Camellia pitardii,Camellia pitardii,829958-1,Species,Leaf spines:marginal,,"['TRY (Wang, Han; Harrison, Sandy P; Prentice, Iain Colin; Yang, Yanzheng; Bai, Fan; Furstenau Togashi, Henrique; Wang, Meng; Zhou, Shuangxi; Ni, Jian (2017): The China Plant Trait Database. PANGAEA, https://doi.org/10.1594/PANGAEA.871819)']"
217,830461-1,Stewartia pteropetiolata,Stewartia pteropetiolata,830461-1,Species,Leaf spines:midrib/veins,,"['TRY (Wang, Han; Harrison, Sandy P; Prentice, Iain Colin; Yang, Yanzheng; Bai, Fan; Furstenau Togashi, Henrique; Wang, Meng; Zhou, Shuangxi; Ni, Jian (2017): The China Plant Trait Database. PANGAEA, https://doi.org/10.1594/PANGAEA.871819)']"
218,83051-1,Ilex aquifolium,Ilex aquifolium,83051-1,Species,"Thorn / spine length:8mm,Thorn density:2",,"['TRY (Díaz, S., J. G. Hodgson, K. Thompson, M. Cabido, J. H. C. Cornelissen, A. Jalili, G. Montserrat-Martí, J. P. Grime, F. Zarrinkamar, Y. Asri, S. R. Band, S. Basconcelo, P. Castro-Díez, G. Funes, B. Hamzehee, M. Khoshnevi, N. Pérez-Harguindeguy, M. C. Pérez-Rontomé, F. A. Shirvany, F. Vendramini, S. Yazdani, R. Abbas-Azimi, A. Bogaard, S. Boustani, M. Charles, M. Dehghan, L. de Torres-Espuny, V. Falczuk, J. Guerrero-Campo, A. Hynd, G. Jones, E. Kowsary, F. Kazemi-Saeed, M. Maestro-Martínez, A. Romo-Díez, S. Shaw, B. Siavash, P. Villar-Salvador, and M. R. Zak. 2004. The plant traits that drive ecosystems: Evidence from three continents. Journal of Vegetation Science 15:295-304.)']"
219,83182-1,Ilex cornuta,Ilex cornuta,83182-1,Species,"Leaf Spines: marginal:yes,Leaf spines:marginal",,"['TRY (Prentice, I.C., Meng, T., Wang, H., Harrison, S.P., Ni, J., Wang, G., 2011. Evidence for a universal scaling relationship of leaf CO2 drawdown along a moisture gradient. New Phytologist 190: 169\x96180)']"
220,83377-1,Ilex hylonoma,Ilex hylonoma,83377-1,Species,"Leaf Spines: marginal:yes,Leaf spines:marginal",,"['TRY (Prentice, I.C., Meng, T., Wang, H., Harrison, S.P., Ni, J., Wang, G., 2011. Evidence for a universal scaling relationship of leaf CO2 drawdown along a moisture gradient. New Phytologist 190: 169\x96180)']"
221,83628-1,Ilex pernyi,Ilex pernyi,83628-1,Species,Leaf spines:marginal and terminal,,"['TRY (Wang, Han; Harrison, Sandy P; Prentice, Iain Colin; Yang, Yanzheng; Bai, Fan; Furstenau Togashi, Henrique; Wang, Meng; Zhou, Shuangxi; Ni, Jian (2017): The China Plant Trait Database. PANGAEA, https://doi.org/10.1594/PANGAEA.871819)']"
222,841696-1,Eryngium caeruleum,Eryngium caeruleum,841696-1,Species,Thorn / spine length:2mm,,"['TRY (Díaz, S., J. G. Hodgson, K. Thompson, M. Cabido, J. H. C. Cornelissen, A. Jalili, G. Montserrat-Martí, J. P. Grime, F. Zarrinkamar, Y. Asri, S. R. Band, S. Basconcelo, P. Castro-Díez, G. Funes, B. Hamzehee, M. Khoshnevi, N. Pérez-Harguindeguy, M. C. Pérez-Rontomé, F. A. Shirvany, F. Vendramini, S. Yazdani, R. Abbas-Azimi, A. Bogaard, S. Boustani, M. Charles, M. Dehghan, L. de Torres-Espuny, V. Falczuk, J. Guerrero-Campo, A. Hynd, G. Jones, E. Kowsary, F. Kazemi-Saeed, M. Maestro-Martínez, A. Romo-Díez, S. Shaw, B. Siavash, P. Villar-Salvador, and M. R. Zak. 2004. The plant traits that drive ecosystems: Evidence from three continents. Journal of Vegetation Science 15:295-304.)']"
223,8476-1,Cullumia,nan,nan,Genus,Spinescence / thorniness:yes,,"['TRY (Onstein RE, Richard J. Carter, Yaowu Xing, H. Peter LinderInstitute (2014) Diversification rate shifts in the Cape Floristic Region: The right traits in the right place at the right time. Perspectives in Plant Ecology, Evolution and Systematics 16(6) 331\x96340 DOI:10.1016/j.ppees.2014.08.002)']"
224,851209-1,Chaetachme aristata,Chaetachme aristata,851209-1,Species,Thorn / spine length:2.38mm,,"['TRY (van der Plas, F. & Olff, H. (2014) Mesoherbivores affect grasshopper communities in a megaherbivore-dominated South African savannah. Oecologia 175: 639. doi:10.1007/s00442-014-2920-z)']"
225,852867-1,Ficus fulva,Ficus fulva,852867-1,Species,"Leaf Spines: marginal:yes,Leaf spines:marginal",,"['TRY (Prentice, I.C., Meng, T., Wang, H., Harrison, S.P., Ni, J., Wang, G., 2011. Evidence for a universal scaling relationship of leaf CO2 drawdown along a moisture gradient. New Phytologist 190: 169\x96180)']"
226,853368-1,Ficus pandurata,Ficus pandurata,853368-1,Species,"Leaf Spines: marginal:yes,Leaf spines:marginal",,"['TRY (Prentice, I.C., Meng, T., Wang, H., Harrison, S.P., Ni, J., Wang, G., 2011. Evidence for a universal scaling relationship of leaf CO2 drawdown along a moisture gradient. New Phytologist 190: 169\x96180)']"
227,857465-1,Urtica cannabina,Urtica cannabina,857465-1,Species,"Leaf spines: upper:yes,Leaf spines:adaxial,Stem spiny:yes",,"['TRY (Prentice, I.C., Meng, T., Wang, H., Harrison, S.P., Ni, J., Wang, G., 2011. Evidence for a universal scaling relationship of leaf CO2 drawdown along a moisture gradient. New Phytologist 190: 169\x96180)']"
228,870611-1,Tetrastigma planicaule,Tetrastigma planicaule,870611-1,Species,Leaf spines:marginal,,"['TRY (Wang, Han; Harrison, Sandy P; Prentice, Iain Colin; Yang, Yanzheng; Bai, Fan; Furstenau Togashi, Henrique; Wang, Meng; Zhou, Shuangxi; Ni, Jian (2017): The China Plant Trait Database. PANGAEA, https://doi.org/10.1594/PANGAEA.871819)']"
229,8731-1,Echinops,nan,nan,Genus,"Leaf Spines: lower:yes,Leaf Spines: marginal:yes,Leaf spines: upper:yes,Leaf spines:adaxial and abaxial,Leaf spines:marginal",,"['TRY (Prentice, I.C., Meng, T., Wang, H., Harrison, S.P., Ni, J., Wang, G., 2011. Evidence for a universal scaling relationship of leaf CO2 drawdown along a moisture gradient. New Phytologist 190: 169\x96180)']"
230,873489-1,Tribulus terrestris,Tribulus terrestris,873489-1,Species,Other spines/thorns:yes,,"['TRY (Prentice, I.C., Meng, T., Wang, H., Harrison, S.P., Ni, J., Wang, G., 2011. Evidence for a universal scaling relationship of leaf CO2 drawdown along a moisture gradient. New Phytologist 190: 169\x96180)']"
231,89608-1,Aralia chinensis,Aralia chinensis,89608-1,Species,"Leaf Spines: marginal:yes,Leaf spines:marginal",,"['TRY (Prentice, I.C., Meng, T., Wang, H., Harrison, S.P., Ni, J., Wang, G., 2011. Evidence for a universal scaling relationship of leaf CO2 drawdown along a moisture gradient. New Phytologist 190: 169\x96180)']"
232,89629-1,Aralia elata,Aralia elata,89629-1,Species,"Leaf Spines: midrib/veins:yes,Leaf spines:midrib/veins,Stem spiny:yes",,"['TRY (Prentice, I.C., Meng, T., Wang, H., Harrison, S.P., Ni, J., Wang, G., 2011. Evidence for a universal scaling relationship of leaf CO2 drawdown along a moisture gradient. New Phytologist 190: 169\x96180)']"
233,90431-1,Eleutherococcus senticosus,Eleutherococcus senticosus,90431-1,Species,Stem spiny:yes,,"['TRY (Wang, Han; Harrison, Sandy P; Prentice, Iain Colin; Yang, Yanzheng; Bai, Fan; Furstenau Togashi, Henrique; Wang, Meng; Zhou, Shuangxi; Ni, Jian (2017): The China Plant Trait Database. PANGAEA, https://doi.org/10.1594/PANGAEA.871819)']"
234,90433-1,Eleutherococcus sessiliflorus,Eleutherococcus sessiliflorus,90433-1,Species,"Leaf Spines: midrib/veins:yes,Leaf spines:midrib/veins",,"['TRY (Prentice, I.C., Meng, T., Wang, H., Harrison, S.P., Ni, J., Wang, G., 2011. Evidence for a universal scaling relationship of leaf CO2 drawdown along a moisture gradient. New Phytologist 190: 169\x96180)']"
235,905189-1,Saurauia yunnanensis,Saurauia yunnanensis,905189-1,Species,Leaf spines:adaxial,,"['TRY (Wang, Han; Harrison, Sandy P; Prentice, Iain Colin; Yang, Yanzheng; Bai, Fan; Furstenau Togashi, Henrique; Wang, Meng; Zhou, Shuangxi; Ni, Jian (2017): The China Plant Trait Database. PANGAEA, https://doi.org/10.1594/PANGAEA.871819)']"
236,90752-1,Hedera nepalensis,Hedera nepalensis,90752-1,Species,Leaf spines:terminal,,"['TRY (Wang, Han; Harrison, Sandy P; Prentice, Iain Colin; Yang, Yanzheng; Bai, Fan; Furstenau Togashi, Henrique; Wang, Meng; Zhou, Shuangxi; Ni, Jian (2017): The China Plant Trait Database. PANGAEA, https://doi.org/10.1594/PANGAEA.871819)']"
237,90968-1,Kalopanax septemlobus,Kalopanax septemlobus,90968-1,Species,"Leaf spines:marginal,Stem thorny:yes",,"['TRY (Prentice, I.C., Meng, T., Wang, H., Harrison, S.P., Ni, J., Wang, G., 2011. Evidence for a universal scaling relationship of leaf CO2 drawdown along a moisture gradient. New Phytologist 190: 169\x96180)']"
238,915081-1,Hyperacanthus amoenus,Hyperacanthus amoenus,915081-1,Species,Thorn / spine length:0.96mm,,"['TRY (van der Plas, F. & Olff, H. (2014) Mesoherbivores affect grasshopper communities in a megaherbivore-dominated South African savannah. Oecologia 175: 639. doi:10.1007/s00442-014-2920-z)']"
239,927281-1,Elaeagnus umbellata,Elaeagnus umbellata,927281-1,Species,Leaf spines:marginal,,"['TRY (Wang, Han; Harrison, Sandy P; Prentice, Iain Colin; Yang, Yanzheng; Bai, Fan; Furstenau Togashi, Henrique; Wang, Meng; Zhou, Shuangxi; Ni, Jian (2017): The China Plant Trait Database. PANGAEA, https://doi.org/10.1594/PANGAEA.871819)']"
240,927512-1,Celastrus orbiculatus,Celastrus orbiculatus,927512-1,Species,Stem thorny:yes,,"['TRY (Wang, Han; Harrison, Sandy P; Prentice, Iain Colin; Yang, Yanzheng; Bai, Fan; Furstenau Togashi, Henrique; Wang, Meng; Zhou, Shuangxi; Ni, Jian (2017): The China Plant Trait Database. PANGAEA, https://doi.org/10.1594/PANGAEA.871819)']"
241,942884-1,Kitagawia terebinthacea,Kitagawia terebinthacea,942884-1,Species,"Leaf Spines: terminal:yes,Leaf spines:terminal",,"['TRY (Prentice, I.C., Meng, T., Wang, H., Harrison, S.P., Ni, J., Wang, G., 2011. Evidence for a universal scaling relationship of leaf CO2 drawdown along a moisture gradient. New Phytologist 190: 169\x96180)']"
242,961622-1,Rhododendron tomentosum,Rhododendron tomentosum,961622-1,Species,Leaf spines:terminal,,"['TRY (Wang, Han; Harrison, Sandy P; Prentice, Iain Colin; Yang, Yanzheng; Bai, Fan; Furstenau Togashi, Henrique; Wang, Meng; Zhou, Shuangxi; Ni, Jian (2017): The China Plant Trait Database. PANGAEA, https://doi.org/10.1594/PANGAEA.871819)']"
243,986640-1,Phedimus aizoon,Phedimus aizoon,986640-1,Species,Leaf spines:marginal,,"['TRY (Wang, Han; Harrison, Sandy P; Prentice, Iain Colin; Yang, Yanzheng; Bai, Fan; Furstenau Togashi, Henrique; Wang, Meng; Zhou, Shuangxi; Ni, Jian (2017): The China Plant Trait Database. PANGAEA, https://doi.org/10.1594/PANGAEA.871819)']"
244,30010060-2,Strychnos,nan,nan,Genus,," <b>Appearance</b>: , or with <em>spines</em>",['POWO pages(/taxon/urn:lsid:ipni.org:names:30010060-2)']
245,547340-1,Strychnos mitis,Strychnos mitis,547340-1,Species,, <b>Appearance</b>: A tall tree without <em>spines</em> or tendrils,['POWO pages(/taxon/urn:lsid:ipni.org:names:547340-1)']
246,547124-1,Strychnos cocculoides,Strychnos cocculoides,547124-1,Species,, <b>Appearance</b>:  longitudinally fissured; <em>spines</em> normally present in pairs in the leaf,['POWO pages(/taxon/urn:lsid:ipni.org:names:547124-1)']
247,547420-1,Strychnos potatorum,Strychnos potatorum,547420-1,Species,," <b>Appearance</b>: Apex of branchlet modified into a <em>spine</em>–like, 1–3 mm. long",['POWO pages(/taxon/urn:lsid:ipni.org:names:547420-1)']
