,Name,Any_info,Genus,Species,Tested_for_Alkaloids,Ref_Alks,Alkaloids,Alkaloid_mainclass,Alkaloid_class,Alkaloid_class_notes,History_Antimalarial,Ref_H_Mal,History_Fever,Ref_H_Fever,Tested_Antimalarial,Extraction_Method,Type_of_Test,Activity_Antimalarial,Authors_Activity_Label,Positive_Control_Used,Given_Activities,Ref_Activity,General_notes,MPNS_Sources,Details,Cardenolides,Cardenolides_Ref,Steroids,Steroids_Ref,Family,Accepted_Name,Accepted_Species,Accepted_Species_ID,Accepted_ID,Accepted_Rank
0,Adelphacme minima,NRIF (1 sp.),Adelphacme,minima,,,,,,,,,,,,,,,,,,,,,,,,,,Loganiaceae,Adelphacme minima,Adelphacme minima,77154429-1,77154429-1,Species
1,Antonia ovata,All spp. listed (1 sp.),Antonia,ovata,Yes,29,"Isolated, L",Pyridine,Pyridine,,,,,,,,,,,,,,,,,,,,,Loganiaceae,Antonia ovata,Antonia ovata,545655-1,545655-1,Species
2,Bonyunia antoniifolia,NRIF (10 spp.),Bonyunia,antoniifolia,,,,,,,,,,,,,,,,,,,,,,,,,,Loganiaceae,Bonyunia antoniifolia,Bonyunia antoniifolia,545660-1,545660-1,Species
3,Bonyunia aquatica,,Bonyunia,aquatica,,,,,,,,,,,,,,,,,,,,,,,,,,Loganiaceae,Bonyunia aquatica,Bonyunia aquatica,34787-2,34787-2,Species
4,Bonyunia excelsa,,Bonyunia,excelsa,,,,,,,,,,,,,,,,,,,,,,,,,,Loganiaceae,Bonyunia excelsa,Bonyunia excelsa,77104860-1,77104860-1,Species
5,Bonyunia magnifica,,Bonyunia,magnifica,,,,,,,,,,,,,,,,,,,,,,,,,,Loganiaceae,Bonyunia magnifica,Bonyunia magnifica,77104861-1,77104861-1,Species
6,Bonyunia minor,,Bonyunia,minor,,,,,,,,,,,,,,,,,,,,,,,,,,Loganiaceae,Bonyunia minor,Bonyunia minor,34789-2,34789-2,Species
7,Bonyunia nobilis,,Bonyunia,nobilis,,,,,,,,,,,,,,,,,,,,,,,,,,Loganiaceae,Bonyunia nobilis,Bonyunia nobilis,77104862-1,77104862-1,Species
8,Bonyunia pulchra,,Bonyunia,pulchra,,,,,,,,,,,,,,,,,,,,,,,,,,Loganiaceae,Bonyunia pulchra,Bonyunia pulchra,77104863-1,77104863-1,Species
9,Bonyunia spectabilis,,Bonyunia,spectabilis,,,,,,,,,,,,,,,,,,,,,,,,,,Loganiaceae,Bonyunia spectabilis,Bonyunia spectabilis,77104864-1,77104864-1,Species
10,Bonyunia superba,,Bonyunia,superba,,,,,,,,,,,,,,,,,,,,,,,,,,Loganiaceae,Bonyunia superba,Bonyunia superba,545664-1,545664-1,Species
11,Bonyunia venusta,,Bonyunia,venusta,,,,,,,,,,,,,,,,,,,,,,,,,,Loganiaceae,Bonyunia venusta,Bonyunia venusta,77104865-1,77104865-1,Species
12,Gardneria angustifolia,Spp. listed (3/5),Gardneria,angustifolia,,,,,,,,,,,,,,,,,,,,,,,,,,Loganiaceae,Gardneria angustifolia,Gardneria angustifolia,546332-1,546332-1,Species
13,Gardneria lanceolata,,Gardneria,lanceolata,,,,,,,,,,,,,,,,,,,,,,,,,,Loganiaceae,Gardneria lanceolata,Gardneria lanceolata,546339-1,546339-1,Species
14,Gardneria multiflora,,Gardneria,multiflora,Yes,31/32/33,"Isolated, U [31] / Isolated, U [32] / Isolated, A [33]",MIA [31]; bisindole [32],MIA [31]; bisindole [32]; oxindole [33],,,,,,,,,,,,,,,,,,,,,Loganiaceae,Gardneria multiflora,Gardneria multiflora,546341-1,546341-1,Species
15,Gardneria nutans,,Gardneria,nutans,Yes,31/35,"Isolated, U [31] / Isolated, L [34]",MIA,MIA,,,,,,,,,,,,,,,,,,,,,Loganiaceae,Gardneria nutans,Gardneria nutans,546343-1,546343-1,Species
16,Gardneria ovata,,Gardneria,ovata,Yes,30/34,"Isolated, A [30]; Isolated, T & L [34]",MIA [30]; bisindole [34],MIA; oxindole; glycosidated MIA [30]; bisindole [34],Glycosidated alkaloids and non-glycosidated alkaloids [30]. Unusual bisindole structure,,,,,,,,,,,,,,,,,,,,Loganiaceae,Gardneria ovata,Gardneria ovata,546344-1,546344-1,Species
17,Geniostoma angustifolium,,Geniostoma,angustifolium,,,,,,,,,,,,,,,,,,,,,,,,,,Loganiaceae,Geniostoma angustifolium,Geniostoma angustifolium,546360-1,546360-1,Species
18,Geniostoma antherotrichum,,Geniostoma,antherotrichum,,,,,,,,,,,,,,,,,,,,,,,,,,Loganiaceae,Geniostoma antherotrichum,Geniostoma antherotrichum,546361-1,546361-1,Species
19,Geniostoma balansanum,,Geniostoma,balansanum,,,,,,,,,,,,,,,,,,,,,,,,,,Loganiaceae,Geniostoma balansanum,Geniostoma balansanum,546368-1,546368-1,Species
20,Geniostoma biseriale,,Geniostoma,biseriale,,,,,,,,,,,,,,,,,,,,,,,,,,Loganiaceae,Geniostoma biseriale,Geniostoma biseriale,546370-1,546370-1,Species
21,Geniostoma borbonicum,Sp. listed (1/51),Geniostoma,borbonicum,,,,,,,,,,,Yes,Extraction,Vitro,Inactive,Inactive [2],,"IC50 > 50 μg/ml (DCM B + L, 3D7 & W2)",2,,,,,,,,Loganiaceae,Geniostoma borbonicum,Geniostoma borbonicum,546371-1,546371-1,Species
22,Geniostoma calcicola,,Geniostoma,calcicola,,,,,,,,,,,,,,,,,,,,,,,,,,Loganiaceae,Geniostoma calcicola,Geniostoma calcicola,546375-1,546375-1,Species
23,Geniostoma celastrineum,,Geniostoma,celastrineum,,,,,,,,,,,,,,,,,,,,,,,,,,Loganiaceae,Geniostoma celastrineum,Geniostoma celastrineum,546377-1,546377-1,Species
24,Geniostoma clavatum,,Geniostoma,clavatum,,,,,,,,,,,,,,,,,,,,,,,,,,Loganiaceae,Geniostoma clavatum,Geniostoma clavatum,546379-1,546379-1,Species
25,Geniostoma cyrtandrae,,Geniostoma,cyrtandrae,,,,,,,,,,,,,,,,,,,,,,,,,,Loganiaceae,Geniostoma cyrtandrae,Geniostoma cyrtandrae,546388-1,546388-1,Species
26,Geniostoma degeneri,,Geniostoma,degeneri,,,,,,,,,,,,,,,,,,,,,,,,,,Loganiaceae,Geniostoma degeneri,Geniostoma degeneri,77183773-1,77183773-1,Species
27,Geniostoma densiflorum,,Geniostoma,densiflorum,,,,,,,,,,,,,,,,,,,,,,,,,,Loganiaceae,Geniostoma densiflorum,Geniostoma densiflorum,546391-1,546391-1,Species
28,Geniostoma erythrospermum,,Geniostoma,erythrospermum,,,,,,,,,,,,,,,,,,,,,,,,,,Loganiaceae,Geniostoma erythrospermum,Geniostoma erythrospermum,546396-1,546396-1,Species
29,Geniostoma fagraeoides,,Geniostoma,fagraeoides,,,,,,,,,,,,,,,,,,,,,,,,,,Loganiaceae,Geniostoma fagraeoides,Geniostoma fagraeoides,546397-1,546397-1,Species
30,Geniostoma gagnae,,Geniostoma,gagnae,,,,,,,,,,,,,,,,,,,,,,,,,,Loganiaceae,Geniostoma gagnae,Geniostoma gagnae,897803-1,897803-1,Species
31,Geniostoma gaudichaudii,,Geniostoma,gaudichaudii,,,,,,,,,,,,,,,,,,,,,,,,,,Loganiaceae,Geniostoma gaudichaudii,Geniostoma gaudichaudii,77209911-1,77209911-1,Species
32,Geniostoma glaucescens,,Geniostoma,glaucescens,,,,,,,,,,,,,,,,,,,,,,,,,,Loganiaceae,Geniostoma glaucescens,Geniostoma glaucescens,546407-1,546407-1,Species
33,Geniostoma grandifolium,,Geniostoma,grandifolium,,,,,,,,,,,,,,,,,,,,,,,,,,Loganiaceae,Geniostoma grandifolium,Geniostoma grandifolium,546409-1,546409-1,Species
34,Geniostoma hallei,,Geniostoma,hallei,,,,,,,,,,,,,,,,,,,,,,,,,,Loganiaceae,Geniostoma hallei,Geniostoma hallei,546411-1,546411-1,Species
35,Geniostoma hedyosmifolium,,Geniostoma,hedyosmifolium,,,,,,,,,,,,,,,,,,,,,,,,,,Loganiaceae,Geniostoma hedyosmifolium,Geniostoma hedyosmifolium,77183885-1,77183885-1,Species
36,Geniostoma helleri,,Geniostoma,helleri,,,,,,,,,,,,,,,,,,,,,,,,,,Loganiaceae,Geniostoma helleri,Geniostoma helleri,77183962-1,77183962-1,Species
37,Geniostoma hirtellum,,Geniostoma,hirtellum,,,,,,,,,,,,,,,,,,,,,,,,,,Loganiaceae,Geniostoma hirtellum,Geniostoma hirtellum,77184210-1,77184210-1,Species
38,Geniostoma hosakanum,,Geniostoma,hosakanum,,,,,,,,,,,,,,,,,,,,,,,,,,Loganiaceae,Geniostoma hosakanum,Geniostoma hosakanum,77183654-1,77183654-1,Species
39,Geniostoma huttonii,,Geniostoma,huttonii,,,,,,,,,,,,,,,,,,,,,,,,,,Loganiaceae,Geniostoma huttonii,Geniostoma huttonii,970839-1,970839-1,Species
40,Geniostoma hymenopodum,,Geniostoma,hymenopodum,,,,,,,,,,,,,,,,,,,,,,,,,,Loganiaceae,Geniostoma hymenopodum,Geniostoma hymenopodum,77183878-1,77183878-1,Species
41,Geniostoma imbricatum,,Geniostoma,imbricatum,,,,,,,,,,,,,,,,,,,,,,,,,,Loganiaceae,Geniostoma imbricatum,Geniostoma imbricatum,77154426-1,77154426-1,Species
42,Geniostoma kaalae,,Geniostoma,kaalae,,,,,,,,,,,,,,,,,,,,,,,,,,Loganiaceae,Geniostoma kaalae,Geniostoma kaalae,77122818-1,77122818-1,Species
43,Geniostoma leenhoutsii,,Geniostoma,leenhoutsii,,,,,,,,,,,,,,,,,,,,,,,,,,Loganiaceae,Geniostoma leenhoutsii,Geniostoma leenhoutsii,546423-1,546423-1,Species
44,Geniostoma lorencianum,,Geniostoma,lorencianum,,,,,,,,,,,,,,,,,,,,,,,,,,Loganiaceae,Geniostoma lorencianum,Geniostoma lorencianum,77184257-1,77184257-1,Species
45,Geniostoma lydgatei,,Geniostoma,lydgatei,,,,,,,,,,,,,,,,,,,,,,,,,,Loganiaceae,Geniostoma lydgatei,Geniostoma lydgatei,77184188-1,77184188-1,Species
46,Geniostoma macrophyllum,,Geniostoma,macrophyllum,,,,,,,,,,,,,,,,,,,,,,,,,,Loganiaceae,Geniostoma macrophyllum,Geniostoma macrophyllum,546429-1,546429-1,Species
47,Geniostoma mooreanum,,Geniostoma,mooreanum,,,,,,,,,,,,,,,,,,,,,,,,,,Loganiaceae,Geniostoma mooreanum,Geniostoma mooreanum,546436-1,546436-1,Species
48,Geniostoma novae-caledoniae,,Geniostoma,novae-caledoniae,,,,,,,,,,,,,,,,,,,,,,,,,,Loganiaceae,Geniostoma novae-caledoniae,Geniostoma novae-caledoniae,546439-1,546439-1,Species
49,Geniostoma pedunculatum,,Geniostoma,pedunculatum,,,,,,,,,,,,,,,,,,,,,,,,,,Loganiaceae,Geniostoma pedunculatum,Geniostoma pedunculatum,546448-1,546448-1,Species
50,Geniostoma petiolosum,,Geniostoma,petiolosum,,,,,,,,,,,,,,,,,,,,,,,,,,Loganiaceae,Geniostoma petiolosum,Geniostoma petiolosum,546449-1,546449-1,Species
51,Geniostoma pumilum,,Geniostoma,pumilum,,,,,,,,,,,,,,,,,,,,,,,,,,Loganiaceae,Geniostoma pumilum,Geniostoma pumilum,77183839-1,77183839-1,Species
52,Geniostoma randianum,,Geniostoma,randianum,,,,,,,,,,,,,,,,,,,,,,,,,,Loganiaceae,Geniostoma randianum,Geniostoma randianum,546457-1,546457-1,Species
53,Geniostoma rapense,,Geniostoma,rapense,,,,,,,,,,,,,,,,,,,,,,,,,,Loganiaceae,Geniostoma rapense,Geniostoma rapense,546458-1,546458-1,Species
54,Geniostoma rarotongense,,Geniostoma,rarotongense,,,,,,,,,,,,,,,,,,,,,,,,,,Loganiaceae,Geniostoma rarotongense,Geniostoma rarotongense,897804-1,897804-1,Species
55,Geniostoma remyanum,,Geniostoma,remyanum,,,,,,,,,,,,,,,,,,,,,,,,,,Loganiaceae,Geniostoma remyanum,Geniostoma remyanum,546459-1,546459-1,Species
56,Geniostoma rupestre,,Geniostoma,rupestre,,,,,,,,,,,,,,,,,,,,,,,,,,Loganiaceae,Geniostoma rupestre,Geniostoma rupestre,546462-1,546462-1,Species
57,Geniostoma stipulare,,Geniostoma,stipulare,,,,,,,,,,,,,,,,,,,,,,,,,,Loganiaceae,Geniostoma stipulare,Geniostoma stipulare,546474-1,546474-1,Species
58,Geniostoma sykesii,,Geniostoma,sykesii,,,,,,,,,,,,,,,,,,,,,,,,,,Loganiaceae,Geniostoma sykesii,Geniostoma sykesii,897805-1,897805-1,Species
59,Geniostoma tinifolium,,Geniostoma,tinifolium,,,,,,,,,,,,,,,,,,,,,,,,,,Loganiaceae,Geniostoma tinifolium,Geniostoma tinifolium,77183797-1,77183797-1,Species
60,Geniostoma trichostylum,,Geniostoma,trichostylum,,,,,,,,,,,,,,,,,,,,,,,,,,Loganiaceae,Geniostoma trichostylum,Geniostoma trichostylum,546476-1,546476-1,Species
61,Geniostoma triflorum,,Geniostoma,triflorum,,,,,,,,,,,,,,,,,,,,,,,,,,Loganiaceae,Geniostoma triflorum,Geniostoma triflorum,77184007-1,77184007-1,Species
62,Geniostoma umbellatum,,Geniostoma,umbellatum,,,,,,,,,,,,,,,,,,,,,,,,,,Loganiaceae,Geniostoma umbellatum,Geniostoma umbellatum,546477-1,546477-1,Species
63,Geniostoma venosum,,Geniostoma,venosum,,,,,,,,,,,,,,,,,,,,,,,,,,Loganiaceae,Geniostoma venosum,Geniostoma venosum,77184074-1,77184074-1,Species
64,Geniostoma vestitum,,Geniostoma,vestitum,,,,,,,,,,,,,,,,,,,,,,,,,,Loganiaceae,Geniostoma vestitum,Geniostoma vestitum,546479-1,546479-1,Species
65,Geniostoma waialealae,,Geniostoma,waialealae,,,,,,,,,,,,,,,,,,,,,,,,,,Loganiaceae,Geniostoma waialealae,Geniostoma waialealae,77183699-1,77183699-1,Species
66,Geniostoma waiolani,,Geniostoma,waiolani,,,,,,,,,,,,,,,,,,,,,,,,,,Loganiaceae,Geniostoma waiolani,Geniostoma waiolani,77184146-1,77184146-1,Species
67,Geniostoma weinlandii,,Geniostoma,weinlandii,,,,,,,,,,,,,,,,,,,,,,,,,,Loganiaceae,Geniostoma weinlandii,Geniostoma weinlandii,546482-1,546482-1,Species
68,Logania albiflora,NRIF (23 spp.),Logania,albiflora,,,,,,,,,,,,,,,,,,,,,,,,,,Loganiaceae,Logania albiflora,Logania albiflora,546584-1,546584-1,Species
69,Logania archeri,,Logania,archeri,,,,,,,,,,,,,,,,,,,,,,,,,,Loganiaceae,Logania archeri,Logania archeri,984031-1,984031-1,Species
70,Logania buxifolia,,Logania,buxifolia,,,,,,,,,,,,,,,,,,,,,,,,,,Loganiaceae,Logania buxifolia,Logania buxifolia,546589-1,546589-1,Species
71,Logania cordifolia,,Logania,cordifolia,,,,,,,,,,,,,,,,,,,,,,,,,,Loganiaceae,Logania cordifolia,Logania cordifolia,546596-1,546596-1,Species
72,Logania crassifolia,,Logania,crassifolia,,,,,,,,,,,,,,,,,,,,,,,,,,Loganiaceae,Logania crassifolia,Logania crassifolia,546597-1,546597-1,Species
73,Logania depressa,,Logania,depressa,,,,,,,,,,,,,,,,,,,,,,,,,,Loganiaceae,Logania depressa,Logania depressa,546599-1,546599-1,Species
74,Logania diffusa,,Logania,diffusa,,,,,,,,,,,,,,,,,,,,,,,,,,Loganiaceae,Logania diffusa,Logania diffusa,906553-1,906553-1,Species
75,Logania fasciculata,,Logania,fasciculata,,,,,,,,,,,,,,,,,,,,,,,,,,Loganiaceae,Logania fasciculata,Logania fasciculata,546602-1,546602-1,Species
76,Logania granitica,,Logania,granitica,,,,,,,,,,,,,,,,,,,,,,,,,,Loganiaceae,Logania granitica,Logania granitica,77085016-1,77085016-1,Species
77,Logania insularis,,Logania,insularis,,,,,,,,,,,,,,,,,,,,,,,,,,Loganiaceae,Logania insularis,Logania insularis,546608-1,546608-1,Species
78,Logania linifolia,,Logania,linifolia,,,,,,,,,,,,,,,,,,,,,,,,,,Loganiaceae,Logania linifolia,Logania linifolia,546611-1,546611-1,Species
79,Logania litoralis,,Logania,litoralis,,,,,,,,,,,,,,,,,,,,,,,,,,Loganiaceae,Logania litoralis,Logania litoralis,984037-1,984037-1,Species
80,Logania micrantha,,Logania,micrantha,,,,,,,,,,,,,,,,,,,,,,,,,,Loganiaceae,Logania micrantha,Logania micrantha,546613-1,546613-1,Species
81,Logania minor,,Logania,minor,,,,,,,,,,,,,,,,,,,,,,,,,,Loganiaceae,Logania minor,Logania minor,984033-1,984033-1,Species
82,Logania nanophylla,,Logania,nanophylla,,,,,,,,,,,,,,,,,,,,,,,,,,Loganiaceae,Logania nanophylla,Logania nanophylla,984032-1,984032-1,Species
83,Logania ovata,,Logania,ovata,,,,,,,,,,,,,,,,,,,,,,,,,,Loganiaceae,Logania ovata,Logania ovata,546617-1,546617-1,Species
84,Logania perryana,,Logania,perryana,,,,,,,,,,,,,,,,,,,,,,,,,,Loganiaceae,Logania perryana,Logania perryana,984035-1,984035-1,Species
85,Logania recurva,,Logania,recurva,,,,,,,,,,,,,,,,,,,,,,,,,,Loganiaceae,Logania recurva,Logania recurva,546620-1,546620-1,Species
86,Logania saxatilis,,Logania,saxatilis,,,,,,,,,,,,,,,,,,,,,,,,,,Loganiaceae,Logania saxatilis,Logania saxatilis,984036-1,984036-1,Species
87,Logania scabrella,,Logania,scabrella,,,,,,,,,,,,,,,,,,,,,,,,,,Loganiaceae,Logania scabrella,Logania scabrella,984034-1,984034-1,Species
88,Logania stenophylla,,Logania,stenophylla,,,,,,,,,,,,,,,,,,,,,,,,,,Loganiaceae,Logania stenophylla,Logania stenophylla,546624-1,546624-1,Species
89,Logania sylvicola,,Logania,sylvicola,,,,,,,,,,,,,,,,,,,,,,,,,,Loganiaceae,Logania sylvicola,Logania sylvicola,77108596-1,77108596-1,Species
90,Logania vaginalis,,Logania,vaginalis,,,,,,,,,,,,,,,,,,,,,,,,,,Loganiaceae,Logania vaginalis,Logania vaginalis,546627-1,546627-1,Species
91,Mitrasacme aggregata,NRIF (55 spp.),Mitrasacme,aggregata,,,,,,,,,,,,,,,,,,,,,,,,,,Loganiaceae,Mitrasacme aggregata,Mitrasacme aggregata,990993-1,990993-1,Species
92,Mitrasacme albomarginata,,Mitrasacme,albomarginata,,,,,,,,,,,,,,,,,,,,,,,,,,Loganiaceae,Mitrasacme albomarginata,Mitrasacme albomarginata,546631-1,546631-1,Species
93,Mitrasacme alsinoides,,Mitrasacme,alsinoides,,,,,,,,,,,,,,,,,,,,,,,,,,Loganiaceae,Mitrasacme alsinoides,Mitrasacme alsinoides,546632-1,546632-1,Species
94,Mitrasacme ambigua,,Mitrasacme,ambigua,,,,,,,,,,,,,,,,,,,,,,,,,,Loganiaceae,Mitrasacme ambigua,Mitrasacme ambigua,546633-1,546633-1,Species
95,Mitrasacme bogoriensis,,Mitrasacme,bogoriensis,,,,,,,,,,,,,,,,,,,,,,,,,,Loganiaceae,Mitrasacme bogoriensis,Mitrasacme bogoriensis,546637-1,546637-1,Species
96,Mitrasacme brachystemonea,,Mitrasacme,brachystemonea,,,,,,,,,,,,,,,,,,,,,,,,,,Loganiaceae,Mitrasacme brachystemonea,Mitrasacme brachystemonea,546638-1,546638-1,Species
97,Mitrasacme clarksonii,,Mitrasacme,clarksonii,,,,,,,,,,,,,,,,,,,,,,,,,,Loganiaceae,Mitrasacme clarksonii,Mitrasacme clarksonii,990991-1,990991-1,Species
98,Mitrasacme connata,,Mitrasacme,connata,,,,,,,,,,,,,,,,,,,,,,,,,,Loganiaceae,Mitrasacme connata,Mitrasacme connata,546646-1,546646-1,Species
99,Mitrasacme elata,,Mitrasacme,elata,,,,,,,,,,,,,,,,,,,,,,,,,,Loganiaceae,Mitrasacme elata,Mitrasacme elata,546654-1,546654-1,Species
100,Mitrasacme epigaea,,Mitrasacme,epigaea,,,,,,,,,,,,,,,,,,,,,,,,,,Loganiaceae,Mitrasacme epigaea,Mitrasacme epigaea,990987-1,990987-1,Species
101,Mitrasacme erophila,,Mitrasacme,erophila,,,,,,,,,,,,,,,,,,,,,,,,,,Loganiaceae,Mitrasacme erophila,Mitrasacme erophila,546655-1,546655-1,Species
102,Mitrasacme exserta,,Mitrasacme,exserta,,,,,,,,,,,,,,,,,,,,,,,,,,Loganiaceae,Mitrasacme exserta,Mitrasacme exserta,546656-1,546656-1,Species
103,Mitrasacme floribunda,,Mitrasacme,floribunda,,,,,,,,,,,,,,,,,,,,,,,,,,Loganiaceae,Mitrasacme floribunda,Mitrasacme floribunda,990989-1,990989-1,Species
104,Mitrasacme foliosa,,Mitrasacme,foliosa,,,,,,,,,,,,,,,,,,,,,,,,,,Loganiaceae,Mitrasacme foliosa,Mitrasacme foliosa,546657-1,546657-1,Species
105,Mitrasacme galbina,,Mitrasacme,galbina,,,,,,,,,,,,,,,,,,,,,,,,,,Loganiaceae,Mitrasacme galbina,Mitrasacme galbina,990997-1,990997-1,Species
106,Mitrasacme geniculosa,,Mitrasacme,geniculosa,,,,,,,,,,,,,,,,,,,,,,,,,,Loganiaceae,Mitrasacme geniculosa,Mitrasacme geniculosa,990995-1,990995-1,Species
107,Mitrasacme gentianea,,Mitrasacme,gentianea,,,,,,,,,,,,,,,,,,,,,,,,,,Loganiaceae,Mitrasacme gentianea,Mitrasacme gentianea,546659-1,546659-1,Species
108,Mitrasacme glaucescens,,Mitrasacme,glaucescens,,,,,,,,,,,,,,,,,,,,,,,,,,Loganiaceae,Mitrasacme glaucescens,Mitrasacme glaucescens,990981-1,990981-1,Species
109,Mitrasacme graminea,,Mitrasacme,graminea,,,,,,,,,,,,,,,,,,,,,,,,,,Loganiaceae,Mitrasacme graminea,Mitrasacme graminea,990978-1,990978-1,Species
110,Mitrasacme hispida,,Mitrasacme,hispida,,,,,,,,,,,,,,,,,,,,,,,,,,Loganiaceae,Mitrasacme hispida,Mitrasacme hispida,546661-1,546661-1,Species
111,Mitrasacme inornata,,Mitrasacme,inornata,,,,,,,,,,,,,,,,,,,,,,,,,,Loganiaceae,Mitrasacme inornata,Mitrasacme inornata,990992-1,990992-1,Species
112,Mitrasacme katjarranka,,Mitrasacme,katjarranka,,,,,,,,,,,,,,,,,,,,,,,,,,Loganiaceae,Mitrasacme katjarranka,Mitrasacme katjarranka,77148781-1,77148781-1,Species
113,Mitrasacme kenneallyi,,Mitrasacme,kenneallyi,,,,,,,,,,,,,,,,,,,,,,,,,,Loganiaceae,Mitrasacme kenneallyi,Mitrasacme kenneallyi,990996-1,990996-1,Species
114,Mitrasacme laevis,,Mitrasacme,laevis,,,,,,,,,,,,,,,,,,,,,,,,,,Loganiaceae,Mitrasacme laevis,Mitrasacme laevis,546664-1,546664-1,Species
115,Mitrasacme laricifolia,,Mitrasacme,laricifolia,,,,,,,,,,,,,,,,,,,,,,,,,,Loganiaceae,Mitrasacme laricifolia,Mitrasacme laricifolia,546665-1,546665-1,Species
116,Mitrasacme latiflora,,Mitrasacme,latiflora,,,,,,,,,,,,,,,,,,,,,,,,,,Loganiaceae,Mitrasacme latiflora,Mitrasacme latiflora,546666-1,546666-1,Species
117,Mitrasacme laxiceps,,Mitrasacme,laxiceps,,,,,,,,,,,,,,,,,,,,,,,,,,Loganiaceae,Mitrasacme laxiceps,Mitrasacme laxiceps,990999-1,990999-1,Species
118,Mitrasacme lutea,,Mitrasacme,lutea,,,,,,,,,,,,,,,,,,,,,,,,,,Loganiaceae,Mitrasacme lutea,Mitrasacme lutea,546669-1,546669-1,Species
119,Mitrasacme maritima,,Mitrasacme,maritima,,,,,,,,,,,,,,,,,,,,,,,,,,Loganiaceae,Mitrasacme maritima,Mitrasacme maritima,990994-1,990994-1,Species
120,Mitrasacme micrantha,,Mitrasacme,micrantha,,,,,,,,,,,,,,,,,,,,,,,,,,Loganiaceae,Mitrasacme micrantha,Mitrasacme micrantha,546673-1,546673-1,Species
121,Mitrasacme multicaulis,,Mitrasacme,multicaulis,,,,,,,,,,,,,,,,,,,,,,,,,,Loganiaceae,Mitrasacme multicaulis,Mitrasacme multicaulis,546675-1,546675-1,Species
122,Mitrasacme neglecta,,Mitrasacme,neglecta,,,,,,,,,,,,,,,,,,,,,,,,,,Loganiaceae,Mitrasacme neglecta,Mitrasacme neglecta,546676-1,546676-1,Species
123,Mitrasacme neldneri,,Mitrasacme,neldneri,,,,,,,,,,,,,,,,,,,,,,,,,,Loganiaceae,Mitrasacme neldneri,Mitrasacme neldneri,990990-1,990990-1,Species
124,Mitrasacme nidulifera,,Mitrasacme,nidulifera,,,,,,,,,,,,,,,,,,,,,,,,,,Loganiaceae,Mitrasacme nidulifera,Mitrasacme nidulifera,990984-1,990984-1,Species
125,Mitrasacme nudicaulis,,Mitrasacme,nudicaulis,,,,,,,,,,,,,,,,,,,,,,,,,,Loganiaceae,Mitrasacme nudicaulis,Mitrasacme nudicaulis,546679-1,546679-1,Species
126,Mitrasacme nummularia,,Mitrasacme,nummularia,,,,,,,,,,,,,,,,,,,,,,,,,,Loganiaceae,Mitrasacme nummularia,Mitrasacme nummularia,546680-1,546680-1,Species
127,Mitrasacme oasena,,Mitrasacme,oasena,,,,,,,,,,,,,,,,,,,,,,,,,,Loganiaceae,Mitrasacme oasena,Mitrasacme oasena,990977-1,990977-1,Species
128,Mitrasacme paludosa,,Mitrasacme,paludosa,,,,,,,,,,,,,,,,,,,,,,,,,,Loganiaceae,Mitrasacme paludosa,Mitrasacme paludosa,546681-1,546681-1,Species
129,Mitrasacme patens,,Mitrasacme,patens,,,,,,,,,,,,,,,,,,,,,,,,,,Loganiaceae,Mitrasacme patens,Mitrasacme patens,990988-1,990988-1,Species
130,Mitrasacme phascoides,,Mitrasacme,phascoides,,,,,,,,,,,,,,,,,,,,,,,,,,Loganiaceae,Mitrasacme phascoides,Mitrasacme phascoides,546686-1,546686-1,Species
131,Mitrasacme pilosa,,Mitrasacme,pilosa,,,,,,,,,,,,,,,,,,,,,,,,,,Loganiaceae,Mitrasacme pilosa,Mitrasacme pilosa,546687-1,546687-1,Species
132,Mitrasacme polymorpha,,Mitrasacme,polymorpha,,,,,,,,,,,,,,,,,,,,,,,,,,Loganiaceae,Mitrasacme polymorpha,Mitrasacme polymorpha,546689-1,546689-1,Species
133,Mitrasacme prolifera,,Mitrasacme,prolifera,,,,,,,,,,,,,,,,,,,,,,,,,,Loganiaceae,Mitrasacme prolifera,Mitrasacme prolifera,546690-1,546690-1,Species
134,Mitrasacme pygmaea,,Mitrasacme,pygmaea,,,,,,,,,,,,,,,,,,,,,,,,,,Loganiaceae,Mitrasacme pygmaea,Mitrasacme pygmaea,546693-1,546693-1,Species
135,Mitrasacme retroloba,,Mitrasacme,retroloba,,,,,,,,,,,,,,,,,,,,,,,,,,Loganiaceae,Mitrasacme retroloba,Mitrasacme retroloba,990983-1,990983-1,Species
136,Mitrasacme saxatilis,,Mitrasacme,saxatilis,,,,,,,,,,,,,,,,,,,,,,,,,,Loganiaceae,Mitrasacme saxatilis,Mitrasacme saxatilis,546695-1,546695-1,Species
137,Mitrasacme scopata,,Mitrasacme,scopata,,,,,,,,,,,,,,,,,,,,,,,,,,Loganiaceae,Mitrasacme scopata,Mitrasacme scopata,990985-1,990985-1,Species
138,Mitrasacme scrithicola,,Mitrasacme,scrithicola,,,,,,,,,,,,,,,,,,,,,,,,,,Loganiaceae,Mitrasacme scrithicola,Mitrasacme scrithicola,990982-1,990982-1,Species
139,Mitrasacme secedens,,Mitrasacme,secedens,,,,,,,,,,,,,,,,,,,,,,,,,,Loganiaceae,Mitrasacme secedens,Mitrasacme secedens,990998-1,990998-1,Species
140,Mitrasacme serpyllifolia,,Mitrasacme,serpyllifolia,,,,,,,,,,,,,,,,,,,,,,,,,,Loganiaceae,Mitrasacme serpyllifolia,Mitrasacme serpyllifolia,546696-1,546696-1,Species
141,Mitrasacme setosa,,Mitrasacme,setosa,,,,,,,,,,,,,,,,,,,,,,,,,,Loganiaceae,Mitrasacme setosa,Mitrasacme setosa,546697-1,546697-1,Species
142,Mitrasacme squamigera,,Mitrasacme,squamigera,,,,,,,,,,,,,,,,,,,,,,,,,,Loganiaceae,Mitrasacme squamigera,Mitrasacme squamigera,990980-1,990980-1,Species
143,Mitrasacme stellata,,Mitrasacme,stellata,,,,,,,,,,,,,,,,,,,,,,,,,,Loganiaceae,Mitrasacme stellata,Mitrasacme stellata,546701-1,546701-1,Species
144,Mitrasacme subvolubilis,,Mitrasacme,subvolubilis,,,,,,,,,,,,,,,,,,,,,,,,,,Loganiaceae,Mitrasacme subvolubilis,Mitrasacme subvolubilis,546702-1,546702-1,Species
145,Mitrasacme thedae,,Mitrasacme,thedae,,,,,,,,,,,,,,,,,,,,,,,,,,Loganiaceae,Mitrasacme thedae,Mitrasacme thedae,77153352-1,77153352-1,Species
146,Mitrasacme troglodytica,,Mitrasacme,troglodytica,,,,,,,,,,,,,,,,,,,,,,,,,,Loganiaceae,Mitrasacme troglodytica,Mitrasacme troglodytica,990979-1,990979-1,Species
147,Mitreola macrophylla,NRIF (12 spp.),Mitreola,macrophylla,,,,,,,,,,,,,,,,,,,,,,,,,,Loganiaceae,Mitreola macrophylla,Mitreola macrophylla,985690-1,985690-1,Species
148,Mitreola pedicellata,,Mitreola,pedicellata,,,,,,,,,,,,,,,,,,,,,,,,,,Loganiaceae,Mitreola pedicellata,Mitreola pedicellata,546719-1,546719-1,Species
149,Mitreola petiolata,,Mitreola,petiolata,,,,,,,,,,,,,,,,,,,,,,,,,,Loganiaceae,Mitreola petiolata,Mitreola petiolata,546721-1,546721-1,Species
150,Mitreola petiolatoides,,Mitreola,petiolatoides,,,,,,,,,,,,,,,,,,,,,,,,,,Loganiaceae,Mitreola petiolatoides,Mitreola petiolatoides,546722-1,546722-1,Species
151,Mitreola pingtaoi,,Mitreola,pingtaoi,,,,,,,,,,,,,,,,,,,,,,,,,,Loganiaceae,Mitreola pingtaoi,Mitreola pingtaoi,985689-1,985689-1,Species
152,Mitreola purpureonervia,,Mitreola,purpureonervia,,,,,,,,,,,,,,,,,,,,,,,,,,Loganiaceae,Mitreola purpureonervia,Mitreola purpureonervia,985692-1,985692-1,Species
153,Mitreola reticulata,,Mitreola,reticulata,,,,,,,,,,,,,,,,,,,,,,,,,,Loganiaceae,Mitreola reticulata,Mitreola reticulata,546723-1,546723-1,Species
154,Mitreola sessilifolia,,Mitreola,sessilifolia,,,,,,,,,,,,,,,,,,,,,,,,,,Loganiaceae,Mitreola sessilifolia,Mitreola sessilifolia,30219651-2,30219651-2,Species
155,Mitreola spathulifolia,,Mitreola,spathulifolia,,,,,,,,,,,,,,,,,,,,,,,,,,Loganiaceae,Mitreola spathulifolia,Mitreola spathulifolia,985691-1,985691-1,Species
156,Mitreola sphaerocarpa,,Mitreola,sphaerocarpa,,,,,,,,,,,,,,,,,,,,,,,,,,Loganiaceae,Mitreola sphaerocarpa,Mitreola sphaerocarpa,546726-1,546726-1,Species
157,Mitreola turgida,,Mitreola,turgida,,,,,,,,,,,,,,,,,,,,,,,,,,Loganiaceae,Mitreola turgida,Mitreola turgida,546729-1,546729-1,Species
158,Mitreola yangchunensis,,Mitreola,yangchunensis,,,,,,,,,,,,,,,,,,,,,,,,,,Loganiaceae,Mitreola yangchunensis,Mitreola yangchunensis,77105825-1,77105825-1,Species
159,Neuburgia alata,NRIF (12 spp.),Neuburgia,alata,,,,,,,,,,,,,,,,,,,,,,,,,,Loganiaceae,Neuburgia alata,Neuburgia alata,546784-1,546784-1,Species
160,Neuburgia celebica,,Neuburgia,celebica,,,,,,,,,,,,,,,,,,,,,,,,,,Loganiaceae,Neuburgia celebica,Neuburgia celebica,546785-1,546785-1,Species
161,Neuburgia collina,,Neuburgia,collina,,,,,,,,,,,,,,,,,,,,,,,,,,Loganiaceae,Neuburgia collina,Neuburgia collina,546786-1,546786-1,Species
162,Neuburgia corynocarpa,,Neuburgia,corynocarpa,,,,,,,,,,,,,,,,,,,,,,,,,,Loganiaceae,Neuburgia corynocarpa,Neuburgia corynocarpa,546787-1,546787-1,Species
163,Neuburgia kochii,,Neuburgia,kochii,,,,,,,,,,,,,,,,,,,,,,,,,,Loganiaceae,Neuburgia kochii,Neuburgia kochii,546788-1,546788-1,Species
164,Neuburgia macrocarpa,,Neuburgia,macrocarpa,,,,,,,,,,,,,,,,,,,,,,,,,,Loganiaceae,Neuburgia macrocarpa,Neuburgia macrocarpa,546789-1,546789-1,Species
165,Neuburgia macroloba,,Neuburgia,macroloba,,,,,,,,,,,,,,,,,,,,,,,,,,Loganiaceae,Neuburgia macroloba,Neuburgia macroloba,546790-1,546790-1,Species
166,Neuburgia moluccana,,Neuburgia,moluccana,,,,,,,,,,,,,,,,,,,,,,,,,,Loganiaceae,Neuburgia moluccana,Neuburgia moluccana,546791-1,546791-1,Species
167,Neuburgia novocaledonica,,Neuburgia,novocaledonica,,,,,,,,,,,,,,,,,,,,,,,,,,Loganiaceae,Neuburgia novocaledonica,Neuburgia novocaledonica,77061619-1,77061619-1,Species
168,Neuburgia rumphiana,,Neuburgia,rumphiana,,,,,,,,,,,,,,,,,,,,,,,,,,Loganiaceae,Neuburgia rumphiana,Neuburgia rumphiana,546793-1,546793-1,Species
169,Neuburgia tuberculata,,Neuburgia,tuberculata,,,,,,,,,,,,,,,,,,,,,,,,,,Loganiaceae,Neuburgia tuberculata,Neuburgia tuberculata,80480-1,80480-1,Species
170,Neuburgia tubiflora,,Neuburgia,tubiflora,,,,,,,,,,,,,,,,,,,,,,,,,,Loganiaceae,Neuburgia tubiflora,Neuburgia tubiflora,80481-1,80481-1,Species
171,Norrisia major,NRIF (2 spp.),Norrisia,major,,,,,,,,,,,,,,,,,,,,,,,,,,Loganiaceae,Norrisia major,Norrisia major,60466948-2,60466948-2,Species
172,Norrisia malaccensis,,Norrisia,malaccensis,,,,,,,,,,,,,,,,,,,,,,,,,,Loganiaceae,Norrisia malaccensis,Norrisia malaccensis,546804-1,546804-1,Species
173,Orianthera biloba,NRIF (13 spp.),Orianthera,biloba,,,,,,,,,,,,,,,,,,,,,,,,,,Loganiaceae,Orianthera biloba,Orianthera biloba,77154367-1,77154367-1,Species
174,Orianthera callosa,,Orianthera,callosa,,,,,,,,,,,,,,,,,,,,,,,,,,Loganiaceae,Orianthera callosa,Orianthera callosa,77154368-1,77154368-1,Species
175,Orianthera campanulata,,Orianthera,campanulata,,,,,,,,,,,,,,,,,,,,,,,,,,Loganiaceae,Orianthera campanulata,Orianthera campanulata,77154366-1,77154366-1,Species
176,Orianthera centralis,,Orianthera,centralis,,,,,,,,,,,,,,,,,,,,,,,,,,Loganiaceae,Orianthera centralis,Orianthera centralis,77154369-1,77154369-1,Species
177,Orianthera exilis,,Orianthera,exilis,,,,,,,,,,,,,,,,,,,,,,,,,,Loganiaceae,Orianthera exilis,Orianthera exilis,77154370-1,77154370-1,Species
178,Orianthera flaviflora,,Orianthera,flaviflora,,,,,,,,,,,,,,,,,,,,,,,,,,Loganiaceae,Orianthera flaviflora,Orianthera flaviflora,77154371-1,77154371-1,Species
179,Orianthera judithiana,,Orianthera,judithiana,,,,,,,,,,,,,,,,,,,,,,,,,,Loganiaceae,Orianthera judithiana,Orianthera judithiana,77154372-1,77154372-1,Species
180,Orianthera nuda,,Orianthera,nuda,,,,,,,,,,,,,,,,,,,,,,,,,,Loganiaceae,Orianthera nuda,Orianthera nuda,77154373-1,77154373-1,Species
181,Orianthera pusilla,,Orianthera,pusilla,,,,,,,,,,,,,,,,,,,,,,,,,,Loganiaceae,Orianthera pusilla,Orianthera pusilla,77154374-1,77154374-1,Species
182,Orianthera serpyllifolia,,Orianthera,serpyllifolia,,,,,,,,,,,,,,,,,,,,,,,,,,Loganiaceae,Orianthera serpyllifolia,Orianthera serpyllifolia,77154375-1,77154375-1,Species
183,Orianthera spermacocea,,Orianthera,spermacocea,,,,,,,,,,,,,,,,,,,,,,,,,,Loganiaceae,Orianthera spermacocea,Orianthera spermacocea,77154377-1,77154377-1,Species
184,Orianthera tortuosa,,Orianthera,tortuosa,,,,,,,,,,,,,,,,,,,,,,,,,,Loganiaceae,Orianthera tortuosa,Orianthera tortuosa,77154378-1,77154378-1,Species
185,Orianthera wendyae,,Orianthera,wendyae,,,,,,,,,,,,,,,,,,,,,,,,,,Loganiaceae,Orianthera wendyae,Orianthera wendyae,77154379-1,77154379-1,Species
186,Phyllangium distylis,NRIF (5 spp.),Phyllangium,distylis,,,,,,,,,,,,,,,,,,,,,,,,,,Loganiaceae,Phyllangium distylis,Phyllangium distylis,991005-1,991005-1,Species
187,Phyllangium divergens,,Phyllangium,divergens,,,,,,,,,,,,,,,,,,,,,,,,,,Loganiaceae,Phyllangium divergens,Phyllangium divergens,991007-1,991007-1,Species
188,Phyllangium palustre,,Phyllangium,palustre,,,,,,,,,,,,,,,,,,,,,,,,,,Loganiaceae,Phyllangium palustre,Phyllangium palustre,991008-1,991008-1,Species
189,Phyllangium paradoxum,,Phyllangium,paradoxum,,,,,,,,,,,,,,,,,,,,,,,,,,Loganiaceae,Phyllangium paradoxum,Phyllangium paradoxum,991004-1,991004-1,Species
190,Phyllangium sulcatum,,Phyllangium,sulcatum,,,,,,,,,,,,,,,,,,,,,,,,,,Loganiaceae,Phyllangium sulcatum,Phyllangium sulcatum,991006-1,991006-1,Species
191,Schizacme archeri,NRIF (5 spp.),Schizacme,archeri,,,,,,,,,,,,,,,,,,,,,,,,,,Loganiaceae,Schizacme archeri,Schizacme archeri,991001-1,991001-1,Species
192,Schizacme ciliata,,Schizacme,ciliata,,,,,,,,,,,,,,,,,,,,,,,,,,Loganiaceae,Schizacme ciliata,Schizacme ciliata,77154485-1,77154485-1,Species
193,Schizacme helmsii,,Schizacme,helmsii,,,,,,,,,,,,,,,,,,,,,,,,,,Loganiaceae,Schizacme helmsii,Schizacme helmsii,77154480-1,77154480-1,Species
194,Schizacme montana,,Schizacme,montana,,,,,,,,,,,,,,,,,,,,,,,,,,Loganiaceae,Schizacme montana,Schizacme montana,991002-1,991002-1,Species
195,Schizacme novae-zelandiae,,Schizacme,novae-zelandiae,,,,,,,,,,,,,,,,,,,,,,,,,,Loganiaceae,Schizacme novae-zelandiae,Schizacme novae-zelandiae,77154483-1,77154483-1,Species
196,Spigelia aceifolia,Spp. listed (1/95),Spigelia,aceifolia,,,,,,,,,,,,,,,,,,,,,,,,,,Loganiaceae,Spigelia aceifolia,Spigelia aceifolia,242169-2,242169-2,Species
197,Spigelia aenea,,Spigelia,aenea,,,,,,,,,,,,,,,,,,,,,,,,,,Loganiaceae,Spigelia aenea,Spigelia aenea,546907-1,546907-1,Species
198,Spigelia alabamensis,,Spigelia,alabamensis,,,,,,,,,,,,,,,,,,,,,,,,,,Loganiaceae,Spigelia alabamensis,Spigelia alabamensis,60458075-2,60458075-2,Species
199,Spigelia alborubra,,Spigelia,alborubra,,,,,,,,,,,,,,,,,,,,,,,,,,Loganiaceae,Spigelia alborubra,Spigelia alborubra,77197934-1,77197934-1,Species
200,Spigelia amambaiensis,,Spigelia,amambaiensis,,,,,,,,,,,,,,,,,,,,,,,,,,Loganiaceae,Spigelia amambaiensis,Spigelia amambaiensis,77062626-1,77062626-1,Species
201,Spigelia amazonica,,Spigelia,amazonica,,,,,,,,,,,,,,,,,,,,,,,,,,Loganiaceae,Spigelia amazonica,Spigelia amazonica,60434593-2,60434593-2,Species
202,Spigelia amplexicaulis,,Spigelia,amplexicaulis,,,,,,,,,,,,,,,,,,,,,,,,,,Loganiaceae,Spigelia amplexicaulis,Spigelia amplexicaulis,242170-2,242170-2,Species
203,Spigelia andersonii,,Spigelia,andersonii,,,,,,,,,,,,,,,,,,,,,,,,,,Loganiaceae,Spigelia andersonii,Spigelia andersonii,324568-2,324568-2,Species
204,Spigelia andina,,Spigelia,andina,,,,,,,,,,,,,,,,,,,,,,,,,,Loganiaceae,Spigelia andina,Spigelia andina,330744-2,330744-2,Species
205,Spigelia anthelmia,,Spigelia,anthelmia,Yes,"KN, 36","Isolated, U [KN] Detected (quantitative analysis), L & S [36]",pyrrole,pyrrole,ryanodine,Yes,104,,,,,,,,,,,,,,,,,,Loganiaceae,Spigelia anthelmia,Spigelia anthelmia,318920-2,318920-2,Species
206,Spigelia asperifolia,,Spigelia,asperifolia,,,,,,,,,,,,,,,,,,,,,,,,,,Loganiaceae,Spigelia asperifolia,Spigelia asperifolia,546913-1,546913-1,Species
207,Spigelia ayotzinapensis,,Spigelia,ayotzinapensis,,,,,,,,,,,,,,,,,,,,,,,,,,Loganiaceae,Spigelia ayotzinapensis,Spigelia ayotzinapensis,77174912-1,77174912-1,Species
208,Spigelia beccabungoides,,Spigelia,beccabungoides,,,,,,,,,,,,,,,,,,,,,,,,,,Loganiaceae,Spigelia beccabungoides,Spigelia beccabungoides,242177-2,242177-2,Species
209,Spigelia beyrichiana,,Spigelia,beyrichiana,,,,,,,,,,,,,,,,,,,,,,,,,,Loganiaceae,Spigelia beyrichiana,Spigelia beyrichiana,546917-1,546917-1,Species
210,Spigelia blanchetiana,,Spigelia,blanchetiana,,,,,,,,,,,,,,,,,,,,,,,,,,Loganiaceae,Spigelia blanchetiana,Spigelia blanchetiana,546919-1,546919-1,Species
211,Spigelia brachystachya,,Spigelia,brachystachya,,,,,,,,,,,,,,,,,,,,,,,,,,Loganiaceae,Spigelia brachystachya,Spigelia brachystachya,546920-1,546920-1,Species
212,Spigelia caaguazuensis,,Spigelia,caaguazuensis,,,,,,,,,,,,,,,,,,,,,,,,,,Loganiaceae,Spigelia caaguazuensis,Spigelia caaguazuensis,242182-2,242182-2,Species
213,Spigelia carnosa,,Spigelia,carnosa,,,,,,,,,,,,,,,,,,,,,,,,,,Loganiaceae,Spigelia carnosa,Spigelia carnosa,242183-2,242183-2,Species
214,Spigelia cascatensis,,Spigelia,cascatensis,,,,,,,,,,,,,,,,,,,,,,,,,,Loganiaceae,Spigelia cascatensis,Spigelia cascatensis,242184-2,242184-2,Species
215,Spigelia catarinensis,,Spigelia,catarinensis,,,,,,,,,,,,,,,,,,,,,,,,,,Loganiaceae,Spigelia catarinensis,Spigelia catarinensis,242185-2,242185-2,Species
216,Spigelia chiapensis,,Spigelia,chiapensis,,,,,,,,,,,,,,,,,,,,,,,,,,Loganiaceae,Spigelia chiapensis,Spigelia chiapensis,319214-2,319214-2,Species
217,Spigelia chocoensis,,Spigelia,chocoensis,,,,,,,,,,,,,,,,,,,,,,,,,,Loganiaceae,Spigelia chocoensis,Spigelia chocoensis,77093116-1,77093116-1,Species
218,Spigelia cipoensis,,Spigelia,cipoensis,,,,,,,,,,,,,,,,,,,,,,,,,,Loganiaceae,Spigelia cipoensis,Spigelia cipoensis,285434-2,285434-2,Species
219,Spigelia coelostylioides,,Spigelia,coelostylioides,,,,,,,,,,,,,,,,,,,,,,,,,,Loganiaceae,Spigelia coelostylioides,Spigelia coelostylioides,319213-2,319213-2,Species
220,Spigelia colimensis,,Spigelia,colimensis,,,,,,,,,,,,,,,,,,,,,,,,,,Loganiaceae,Spigelia colimensis,Spigelia colimensis,77093114-1,77093114-1,Species
221,Spigelia cremnophila,,Spigelia,cremnophila,,,,,,,,,,,,,,,,,,,,,,,,,,Loganiaceae,Spigelia cremnophila,Spigelia cremnophila,1004882-1,1004882-1,Species
222,Spigelia faveolata,,Spigelia,faveolata,,,,,,,,,,,,,,,,,,,,,,,,,,Loganiaceae,Spigelia faveolata,Spigelia faveolata,330742-2,330742-2,Species
223,Spigelia flava,,Spigelia,flava,,,,,,,,,,,,,,,,,,,,,,,,,,Loganiaceae,Spigelia flava,Spigelia flava,300211-2,300211-2,Species
224,Spigelia flemmingiana,,Spigelia,flemmingiana,,,,,,,,,,,,,,,,,,,,,,,,,,Loganiaceae,Spigelia flemmingiana,Spigelia flemmingiana,546932-1,546932-1,Species
225,Spigelia gentianoides,,Spigelia,gentianoides,,,,,,,,,,,,,,,,,,,,,,,,,,Loganiaceae,Spigelia gentianoides,Spigelia gentianoides,30333464-2,30333464-2,Species
226,Spigelia genuflexa,,Spigelia,genuflexa,,,,,,,,,,,,,,,,,,,,,,,,,,Loganiaceae,Spigelia genuflexa,Spigelia genuflexa,77114017-1,77114017-1,Species
227,Spigelia glabrata,,Spigelia,glabrata,,,,,,,,,,,,,,,,,,,,,,,,,,Loganiaceae,Spigelia glabrata,Spigelia glabrata,546936-1,546936-1,Species
228,Spigelia gracilis,,Spigelia,gracilis,,,,,,,,,,,,,,,,,,,,,,,,,,Loganiaceae,Spigelia gracilis,Spigelia gracilis,546938-1,546938-1,Species
229,Spigelia guerrerensis,,Spigelia,guerrerensis,,,,,,,,,,,,,,,,,,,,,,,,,,Loganiaceae,Spigelia guerrerensis,Spigelia guerrerensis,77151686-1,77151686-1,Species
230,Spigelia guianensis,,Spigelia,guianensis,,,,,,,,,,,,,,,,,,,,,,,,,,Loganiaceae,Spigelia guianensis,Spigelia guianensis,546940-1,546940-1,Species
231,Spigelia hamellioides,,Spigelia,hamellioides,,,,,,,,,,,,,,,,,,,,,,,,,,Loganiaceae,Spigelia hamellioides,Spigelia hamellioides,546941-1,546941-1,Species
232,Spigelia hatschbachii,,Spigelia,hatschbachii,,,,,,,,,,,,,,,,,,,,,,,,,,Loganiaceae,Spigelia hatschbachii,Spigelia hatschbachii,324566-2,324566-2,Species
233,Spigelia hedyotidea,,Spigelia,hedyotidea,,,,,,,,,,,,,,,,,,,,,,,,,,Loganiaceae,Spigelia hedyotidea,Spigelia hedyotidea,546944-1,546944-1,Species
234,Spigelia heliotropioides,,Spigelia,heliotropioides,,,,,,,,,,,,,,,,,,,,,,,,,,Loganiaceae,Spigelia heliotropioides,Spigelia heliotropioides,242200-2,242200-2,Species
235,Spigelia herzogiana,,Spigelia,herzogiana,,,,,,,,,,,,,,,,,,,,,,,,,,Loganiaceae,Spigelia herzogiana,Spigelia herzogiana,242201-2,242201-2,Species
236,Spigelia hirtula,,Spigelia,hirtula,,,,,,,,,,,,,,,,,,,,,,,,,,Loganiaceae,Spigelia hirtula,Spigelia hirtula,77080992-1,77080992-1,Species
237,Spigelia humboldtiana,,Spigelia,humboldtiana,,,,,,,,,,,,,,,,,,,,,,,,,,Loganiaceae,Spigelia humboldtiana,Spigelia humboldtiana,546947-1,546947-1,Species
238,Spigelia hurleyi,,Spigelia,hurleyi,,,,,,,,,,,,,,,,,,,,,,,,,,Loganiaceae,Spigelia hurleyi,Spigelia hurleyi,20002791-1,20002791-1,Species
239,Spigelia insignis,,Spigelia,insignis,,,,,,,,,,,,,,,,,,,,,,,,,,Loganiaceae,Spigelia insignis,Spigelia insignis,324567-2,324567-2,Species
240,Spigelia kleinii,,Spigelia,kleinii,,,,,,,,,,,,,,,,,,,,,,,,,,Loganiaceae,Spigelia kleinii,Spigelia kleinii,242207-2,242207-2,Species
241,Spigelia kuhlmannii,,Spigelia,kuhlmannii,,,,,,,,,,,,,,,,,,,,,,,,,,Loganiaceae,Spigelia kuhlmannii,Spigelia kuhlmannii,546954-1,546954-1,Species
242,Spigelia laurina,,Spigelia,laurina,,,,,,,,,,,,,,,,,,,,,,,,,,Loganiaceae,Spigelia laurina,Spigelia laurina,546956-1,546956-1,Species
243,Spigelia leiocarpa,,Spigelia,leiocarpa,,,,,,,,,,,,,,,,,,,,,,,,,,Loganiaceae,Spigelia leiocarpa,Spigelia leiocarpa,20002813-1,20002813-1,Species
244,Spigelia linarioides,,Spigelia,linarioides,,,,,,,,,,,,,,,,,,,,,,,,,,Loganiaceae,Spigelia linarioides,Spigelia linarioides,546958-1,546958-1,Species
245,Spigelia loganioides,,Spigelia,loganioides,,,,,,,,,,,,,,,,,,,,,,,,,,Loganiaceae,Spigelia loganioides,Spigelia loganioides,546960-1,546960-1,Species
246,Spigelia longiflora,,Spigelia,longiflora,,,,,,,,,,,,,,,,,,,,,,,,,,Loganiaceae,Spigelia longiflora,Spigelia longiflora,546961-1,546961-1,Species
247,Spigelia luciatlantica,,Spigelia,luciatlantica,,,,,,,,,,,,,,,,,,,,,,,,,,Loganiaceae,Spigelia luciatlantica,Spigelia luciatlantica,20007552-1,20007552-1,Species
248,Spigelia lundiana,,Spigelia,lundiana,,,,,,,,,,,,,,,,,,,,,,,,,,Loganiaceae,Spigelia lundiana,Spigelia lundiana,546964-1,546964-1,Species
249,Spigelia macrophylla,,Spigelia,macrophylla,,,,,,,,,,,,,,,,,,,,,,,,,,Loganiaceae,Spigelia macrophylla,Spigelia macrophylla,546965-1,546965-1,Species
250,Spigelia marilandica,,Spigelia,marilandica,,,,,,,,,,,,,,,,,,,,,,,,,,Loganiaceae,Spigelia marilandica,Spigelia marilandica,546966-1,546966-1,Species
251,Spigelia martiana,,Spigelia,martiana,,,,,,,,,,,,,,,,,,,,,,,,,,Loganiaceae,Spigelia martiana,Spigelia martiana,546967-1,546967-1,Species
252,Spigelia megapotamica,,Spigelia,megapotamica,,,,,,,,,,,,,,,,,,,,,,,,,,Loganiaceae,Spigelia megapotamica,Spigelia megapotamica,77093118-1,77093118-1,Species
253,Spigelia mexicana,,Spigelia,mexicana,,,,,,,,,,,,,,,,,,,,,,,,,,Loganiaceae,Spigelia mexicana,Spigelia mexicana,546968-1,546968-1,Species
254,Spigelia mocinoi,,Spigelia,mocinoi,,,,,,,,,,,,,,,,,,,,,,,,,,Loganiaceae,Spigelia mocinoi,Spigelia mocinoi,77174913-1,77174913-1,Species
255,Spigelia nicotianiflora,,Spigelia,nicotianiflora,,,,,,,,,,,,,,,,,,,,,,,,,,Loganiaceae,Spigelia nicotianiflora,Spigelia nicotianiflora,242218-2,242218-2,Species
256,Spigelia novogranatensis,,Spigelia,novogranatensis,,,,,,,,,,,,,,,,,,,,,,,,,,Loganiaceae,Spigelia novogranatensis,Spigelia novogranatensis,331049-2,331049-2,Species
257,Spigelia olfersiana,,Spigelia,olfersiana,,,,,,,,,,,,,,,,,,,,,,,,,,Loganiaceae,Spigelia olfersiana,Spigelia olfersiana,546974-1,546974-1,Species
258,Spigelia palmeri,,Spigelia,palmeri,,,,,,,,,,,,,,,,,,,,,,,,,,Loganiaceae,Spigelia palmeri,Spigelia palmeri,242221-2,242221-2,Species
259,Spigelia paraguariensis,,Spigelia,paraguariensis,,,,,,,,,,,,,,,,,,,,,,,,,,Loganiaceae,Spigelia paraguariensis,Spigelia paraguariensis,242222-2,242222-2,Species
260,Spigelia pedunculata,,Spigelia,pedunculata,,,,,,,,,,,,,,,,,,,,,,,,,,Loganiaceae,Spigelia pedunculata,Spigelia pedunculata,546982-1,546982-1,Species
261,Spigelia persicarioides,,Spigelia,persicarioides,,,,,,,,,,,,,,,,,,,,,,,,,,Loganiaceae,Spigelia persicarioides,Spigelia persicarioides,242225-2,242225-2,Species
262,Spigelia petiolata,,Spigelia,petiolata,,,,,,,,,,,,,,,,,,,,,,,,,,Loganiaceae,Spigelia petiolata,Spigelia petiolata,20002804-1,20002804-1,Species
263,Spigelia polystachya,,Spigelia,polystachya,,,,,,,,,,,,,,,,,,,,,,,,,,Loganiaceae,Spigelia polystachya,Spigelia polystachya,546986-1,546986-1,Species
264,Spigelia pulchella,,Spigelia,pulchella,,,,,,,,,,,,,,,,,,,,,,,,,,Loganiaceae,Spigelia pulchella,Spigelia pulchella,546987-1,546987-1,Species
265,Spigelia pusilla,,Spigelia,pusilla,,,,,,,,,,,,,,,,,,,,,,,,,,Loganiaceae,Spigelia pusilla,Spigelia pusilla,546989-1,546989-1,Species
266,Spigelia pygmaea,,Spigelia,pygmaea,,,,,,,,,,,,,,,,,,,,,,,,,,Loganiaceae,Spigelia pygmaea,Spigelia pygmaea,242228-2,242228-2,Species
267,Spigelia queretarensis,,Spigelia,queretarensis,,,,,,,,,,,,,,,,,,,,,,,,,,Loganiaceae,Spigelia queretarensis,Spigelia queretarensis,77093115-1,77093115-1,Species
268,Spigelia ramosa,,Spigelia,ramosa,,,,,,,,,,,,,,,,,,,,,,,,,,Loganiaceae,Spigelia ramosa,Spigelia ramosa,242230-2,242230-2,Species
269,Spigelia reitzii,,Spigelia,reitzii,,,,,,,,,,,,,,,,,,,,,,,,,,Loganiaceae,Spigelia reitzii,Spigelia reitzii,242232-2,242232-2,Species
270,Spigelia riedeliana,,Spigelia,riedeliana,,,,,,,,,,,,,,,,,,,,,,,,,,Loganiaceae,Spigelia riedeliana,Spigelia riedeliana,242233-2,242233-2,Species
271,Spigelia rojasiana,,Spigelia,rojasiana,,,,,,,,,,,,,,,,,,,,,,,,,,Loganiaceae,Spigelia rojasiana,Spigelia rojasiana,242235-2,242235-2,Species
272,Spigelia rondoniensis,,Spigelia,rondoniensis,,,,,,,,,,,,,,,,,,,,,,,,,,Loganiaceae,Spigelia rondoniensis,Spigelia rondoniensis,77084193-1,77084193-1,Species
273,Spigelia scabrella,,Spigelia,scabrella,,,,,,,,,,,,,,,,,,,,,,,,,,Loganiaceae,Spigelia scabrella,Spigelia scabrella,547002-1,547002-1,Species
274,Spigelia schlechtendaliana,,Spigelia,schlechtendaliana,,,,,,,,,,,,,,,,,,,,,,,,,,Loganiaceae,Spigelia schlechtendaliana,Spigelia schlechtendaliana,547003-1,547003-1,Species
275,Spigelia schultesii,,Spigelia,schultesii,,,,,,,,,,,,,,,,,,,,,,,,,,Loganiaceae,Spigelia schultesii,Spigelia schultesii,77106774-1,77106774-1,Species
276,Spigelia sellowiana,,Spigelia,sellowiana,,,,,,,,,,,,,,,,,,,,,,,,,,Loganiaceae,Spigelia sellowiana,Spigelia sellowiana,547007-1,547007-1,Species
277,Spigelia sordida,,Spigelia,sordida,,,,,,,,,,,,,,,,,,,,,,,,,,Loganiaceae,Spigelia sordida,Spigelia sordida,77080991-1,77080991-1,Species
278,Spigelia spartioides,,Spigelia,spartioides,,,,,,,,,,,,,,,,,,,,,,,,,,Loganiaceae,Spigelia spartioides,Spigelia spartioides,547010-1,547010-1,Species
279,Spigelia speciosa,,Spigelia,speciosa,,,,,,,,,,,,,,,,,,,,,,,,,,Loganiaceae,Spigelia speciosa,Spigelia speciosa,547011-1,547011-1,Species
280,Spigelia sphagnicola,,Spigelia,sphagnicola,,,,,,,,,,,,,,,,,,,,,,,,,,Loganiaceae,Spigelia sphagnicola,Spigelia sphagnicola,547012-1,547012-1,Species
281,Spigelia splendens,,Spigelia,splendens,,,,,,,,,,,,,,,,,,,,,,,,,,Loganiaceae,Spigelia splendens,Spigelia splendens,547015-1,547015-1,Species
282,Spigelia spruceana,,Spigelia,spruceana,,,,,,,,,,,,,,,,,,,,,,,,,,Loganiaceae,Spigelia spruceana,Spigelia spruceana,77155583-1,77155583-1,Species
283,Spigelia stenocardia,,Spigelia,stenocardia,,,,,,,,,,,,,,,,,,,,,,,,,,Loganiaceae,Spigelia stenocardia,Spigelia stenocardia,77089479-1,77089479-1,Species
284,Spigelia stenophylla,,Spigelia,stenophylla,,,,,,,,,,,,,,,,,,,,,,,,,,Loganiaceae,Spigelia stenophylla,Spigelia stenophylla,547016-1,547016-1,Species
285,Spigelia tetraptera,,Spigelia,tetraptera,,,,,,,,,,,,,,,,,,,,,,,,,,Loganiaceae,Spigelia tetraptera,Spigelia tetraptera,242239-2,242239-2,Species
286,Spigelia texana,,Spigelia,texana,,,,,,,,,,,,,,,,,,,,,,,,,,Loganiaceae,Spigelia texana,Spigelia texana,547019-1,547019-1,Species
287,Spigelia trispicata,,Spigelia,trispicata,,,,,,,,,,,,,,,,,,,,,,,,,,Loganiaceae,Spigelia trispicata,Spigelia trispicata,319215-2,319215-2,Species
288,Spigelia valenzuelae,,Spigelia,valenzuelae,,,,,,,,,,,,,,,,,,,,,,,,,,Loganiaceae,Spigelia valenzuelae,Spigelia valenzuelae,242241-2,242241-2,Species
289,Spigelia vestita,,Spigelia,vestita,,,,,,,,,,,,,,,,,,,,,,,,,,Loganiaceae,Spigelia vestita,Spigelia vestita,242243-2,242243-2,Species
290,Spigelia xochiquetzalliana,,Spigelia,xochiquetzalliana,,,,,,,,,,,,,,,,,,,,,,,,,,Loganiaceae,Spigelia xochiquetzalliana,Spigelia xochiquetzalliana,77162351-1,77162351-1,Species
291,Strychnos aculeata,,Strychnos,aculeata,Yes,76,"Isolated, U",MIA,MIA,,Yes,26,,,Yes,Extraction,Vitro,Inactive,Inactive [3],,"IC50 >30 μg/mL (EtOAc L), >30 μg/mL (EtOAc S)",3,,,,,,,,Loganiaceae,Strychnos aculeata,Strychnos aculeata,547024-1,547024-1,Species
292,Strychnos acuta,,Strychnos,acuta,,,,,,,,,,,,,,,,,,,,,,,,,,Loganiaceae,Strychnos acuta,Strychnos acuta,547027-1,547027-1,Species
293,Strychnos aenea,,Strychnos,aenea,,,,,,,,,,,,,,,,,,,,,,,,,,Loganiaceae,Strychnos aenea,Strychnos aenea,547030-1,547030-1,Species
294,Strychnos afzelii,,Strychnos,afzelii,Yes,82,"Isolated, SB",bisindole; MIA,bisindole; MIA,,,,,,,,,,,,,,,,,,,,,Loganiaceae,Strychnos afzelii,Strychnos afzelii,547031-1,547031-1,Species
295,Strychnos alvimiana,,Strychnos,alvimiana,,,,,,,,,,,,,,,,,,,,,,,,,,Loganiaceae,Strychnos alvimiana,Strychnos alvimiana,247277-2,247277-2,Species
296,Strychnos amazonica,,Strychnos,amazonica,Yes,68,"Isolated, SB",MIA,MIA,,,,,,,,,,,,,,,,,,,,,Loganiaceae,Strychnos amazonica,Strychnos amazonica,247278-2,247278-2,Species
297,Strychnos andamanensis,,Strychnos,andamanensis,,,,,,,,,,,,,,,,,,,,,,,,,,Loganiaceae,Strychnos andamanensis,Strychnos andamanensis,547037-1,547037-1,Species
298,Strychnos angolensis,,Strychnos,angolensis,Yes,39,"Isolated, U",pyridine; MIA,pyridine; indole; indolizidine; quinolizidine,,,,,,Yes,Extraction,Vitro,Inactive,"Weak [3,37] Inactive [39]",Yes [37],"IC50 = 17.0 ± 7.6 μg/mL (EtOAc R) [3] IC50 = 29.9 & 20.9 μg/mL (Etoh L & R, FCA 20) [37] Inactive (3 alkaloids tested) [39]","3, 37, 39",,,,,,,,Loganiaceae,Strychnos angolensis,Strychnos angolensis,547038-1,547038-1,Species
299,Strychnos angustiflora,,Strychnos,angustiflora,Yes,"57, 92","Detected (TLC), L [57] Isolated, Se [92]",MIA,MIA; pyridine,MIA are angustine type and corynanthe type,,,,,,,,,,,,,,,,,,,,Loganiaceae,Strychnos angustiflora,Strychnos angustiflora,547039-1,547039-1,Species
300,Strychnos araguaensis,,Strychnos,araguaensis,,,,,,,,,,,,,,,,,,,,,,,,,,Loganiaceae,Strychnos araguaensis,Strychnos araguaensis,247279-2,247279-2,Species
301,Strychnos asperula,,Strychnos,asperula,,,,,,,,,,,,,,,,,,,,,,,,,,Loganiaceae,Strychnos asperula,Strychnos asperula,247280-2,247280-2,Species
302,Strychnos asterantha,,Strychnos,asterantha,,,,,,,,,,,,,,,,,,,,,,,,,,Loganiaceae,Strychnos asterantha,Strychnos asterantha,547045-1,547045-1,Species
303,Strychnos atlantica,,Strychnos,atlantica,Yes,64,"Isolated, R",MIA; bisindole,,,,,,,,,,,,,,,,,,,,,,Loganiaceae,Strychnos atlantica,Strychnos atlantica,247281-2,247281-2,Species
304,Strychnos axillaris,,Strychnos,axillaris,,,,,,,,,,,,,,,,,,,,,,,,,,Loganiaceae,Strychnos axillaris,Strychnos axillaris,547050-1,547050-1,Species
305,Strychnos bahiensis,,Strychnos,bahiensis,,,,,,,,,,,,,,,,,,,,,,,,,,Loganiaceae,Strychnos bahiensis,Strychnos bahiensis,247282-2,247282-2,Species
306,Strychnos barnhartiana,,Strychnos,barnhartiana,Yes,87,"Detected (U), L",indole,beta-carboline,nor-harman,,,,,,,,,,,,,,,,,,,,Loganiaceae,Strychnos barnhartiana,Strychnos barnhartiana,247283-2,247283-2,Species
307,Strychnos barteri,,Strychnos,barteri,,,,,,,,,,,,,,,,,,,,,,,,,,Loganiaceae,Strychnos barteri,Strychnos barteri,547059-1,547059-1,Species
308,Strychnos benthamii,,Strychnos,benthamii,,,,,,,,,,,,,,,,,,,,,,,,,,Loganiaceae,Strychnos benthamii,Strychnos benthamii,547063-1,547063-1,Species
309,Strychnos bicolor,,Strychnos,bicolor,,,,,,,,,,,,,,,,,,,,,,,,,,Loganiaceae,Strychnos bicolor,Strychnos bicolor,547068-1,547068-1,Species
310,Strychnos bifurcata,,Strychnos,bifurcata,,,,,,,,,,,,,,,,,,,,,,,,,,Loganiaceae,Strychnos bifurcata,Strychnos bifurcata,547069-1,547069-1,Species
311,Strychnos boonei,,Strychnos,boonei,,,,,,,,,,,,,,,,,,,,,,,,,,Loganiaceae,Strychnos boonei,Strychnos boonei,547073-1,547073-1,Species
312,Strychnos borneensis,,Strychnos,borneensis,Yes,57,"Detected (TLC), L",MIA,MIA; pyridine,MIA are angustine type,,,,,,,,,,,,,,,,,,,,Loganiaceae,Strychnos borneensis,Strychnos borneensis,547074-1,547074-1,Species
313,Strychnos brachiata,,Strychnos,brachiata,Yes,KN,"Isolated, U",MIA,MIA,,,,,,,,,,,,,,,,,,,,,Loganiaceae,Strychnos brachiata,Strychnos brachiata,547077-1,547077-1,Species
314,Strychnos brachistantha,,Strychnos,brachistantha,,,,,,,,,,,,,,,,,,,,,,,,,,Loganiaceae,Strychnos brachistantha,Strychnos brachistantha,247287-2,247287-2,Species
315,Strychnos brasiliensis,,Strychnos,brasiliensis,Yes,"76, 85","Isolated, U [76] Isolated, TrB [85]",MIA,MIA,,Yes,101,,,Yes,Extraction,Vitro,Inactive,Inactive [3],,IC50 > 30 μg/mL (EtOAc S),3,,,,,,,,Loganiaceae,Strychnos brasiliensis,Strychnos brasiliensis,547081-1,547081-1,Species
316,Strychnos bredemeyeri,,Strychnos,bredemeyeri,,,,,,,,,,,,,,,,,,,,,,,,,,Loganiaceae,Strychnos bredemeyeri,Strychnos bredemeyeri,547083-1,547083-1,Species
317,Strychnos campicola,,Strychnos,campicola,,,,,,,,,,,,,,,,,,,,,,,,,,Loganiaceae,Strychnos campicola,Strychnos campicola,547093-1,547093-1,Species
318,Strychnos camptoneura,,Strychnos,camptoneura,Yes,55,Detected ,,,,Yes,102,Yes,102,Yes,Extraction,Vitro,Inactive,,Yes,"IC50 = ca. 50 μg/mL (EtOH R, FCA 20)",37,,,,,,,,Loganiaceae,Strychnos camptoneura,Strychnos camptoneura,547094-1,547094-1,Species
319,Strychnos canthioides,,Strychnos,canthioides,,,,,,,,,,,,,,,,,,,,,,,,,,Loganiaceae,Strychnos canthioides,Strychnos canthioides,547096-1,547096-1,Species
320,Strychnos castelnaeana,,Strychnos,castelnaeana,Yes,48,"Isolated, SB",MIA,MIA,,,,,,,,,,,,,,,,,,,,,Loganiaceae,Strychnos castelnaeana,Strychnos castelnaeana,547100-1,547100-1,Species
321,Strychnos cathayensis,,Strychnos,cathayensis,Yes,88,"Isolated, S",MIA,MIA,,,,,,,,,,,,,,,,,,,,,Loganiaceae,Strychnos cathayensis,Strychnos cathayensis,547102-1,547102-1,Species
322,Strychnos cayennensis,,Strychnos,cayennensis,,,,,,,,,,,,,,,,,,,,,,,,,,Loganiaceae,Strychnos cayennensis,Strychnos cayennensis,247293-2,247293-2,Species
323,Strychnos cerradoensis,,Strychnos,cerradoensis,,,,,,,,,,,,,,,,,,,,,,,,,,Loganiaceae,Strychnos cerradoensis,Strychnos cerradoensis,247294-2,247294-2,Species
324,Strychnos chlorantha,,Strychnos,chlorantha,Yes,68,"Isolated, SB & RB",MIA,MIA,,,,,,,,,,,,,,,,,,,,,Loganiaceae,Strychnos chlorantha,Strychnos chlorantha,547109-1,547109-1,Species
325,Strychnos chromatoxylon,,Strychnos,chromatoxylon,,,,,,,,,,,,,,,,,,,,,,,,,,Loganiaceae,Strychnos chromatoxylon,Strychnos chromatoxylon,547112-1,547112-1,Species
326,Strychnos chrysophylla,,Strychnos,chrysophylla,Yes,78,"Isolated, U",bisindole,bisindole,,,,,,,,,,,,,,,,,,,,,Loganiaceae,Strychnos chrysophylla,Strychnos chrysophylla,547114-1,547114-1,Species
327,Strychnos cocculoides,,Strychnos,cocculoides,,,,,,,,,,,Yes,Extraction,Vitro,Inactive,Weak [3],,"IC50 = 20.0 ± 11.9 μg/mL (EtOAc L), >30 μg/mL (EtOAc S)",3,,,,,,,,Loganiaceae,Strychnos cocculoides,Strychnos cocculoides,547124-1,547124-1,Species
328,Strychnos cogens,,Strychnos,cogens,,,,,,,,,,,,,,,,,,,,,,,,,,Loganiaceae,Strychnos cogens,Strychnos cogens,547125-1,547125-1,Species
329,Strychnos colombiensis,,Strychnos,colombiensis,,,,,,,,,,,,,,,,,,,,,,,,,,Loganiaceae,Strychnos colombiensis,Strychnos colombiensis,247295-2,247295-2,Species
330,Strychnos congolana,,Strychnos,congolana,,,,,,,,,,,,,,,,,,,,,,,,,,Loganiaceae,Strychnos congolana,Strychnos congolana,547134-1,547134-1,Species
331,Strychnos coriacea,,Strychnos,coriacea,,,,,,,,,,,,,,,,,,,,,,,,,,Loganiaceae,Strychnos coriacea,Strychnos coriacea,547138-1,547138-1,Species
332,Strychnos croatii,,Strychnos,croatii,,,,,,,Yes,101,,,,,,,,,,,,,,,,,,Loganiaceae,Strychnos croatii,Strychnos croatii,247298-2,247298-2,Species
333,Strychnos cuminodora,,Strychnos,cuminodora,,,,,,,,,,,,,,,,,,,,,,,,,,Loganiaceae,Strychnos cuminodora,Strychnos cuminodora,547143-1,547143-1,Species
334,Strychnos cuniculina,,Strychnos,cuniculina,,,,,,,,,,,,,,,,,,,,,,,,,,Loganiaceae,Strychnos cuniculina,Strychnos cuniculina,547145-1,547145-1,Species
335,Strychnos curtisii,,Strychnos,curtisii,,,,,,,,,,,,,,,,,,,,,,,,,,Loganiaceae,Strychnos curtisii,Strychnos curtisii,547147-1,547147-1,Species
336,Strychnos daclacensis,,Strychnos,daclacensis,,,,,,,,,,,,,,,,,,,,,,,,,,Loganiaceae,Strychnos daclacensis,Strychnos daclacensis,931165-1,931165-1,Species
337,Strychnos dale,,Strychnos,dale,Yes,"69,75","Isolated, L [69] Isolated, SB [75]",bisindole [69]; MIA [75],bisindole [69]; MIA [75],,,,,,,,,,,,,,,,,,,,,Loganiaceae,Strychnos dale,Strychnos dale,547149-1,547149-1,Species
338,Strychnos dalzellii,,Strychnos,dalzellii,,,,,,,,,,,,,,,,,,,,,,,,,,Loganiaceae,Strychnos dalzellii,Strychnos dalzellii,547150-1,547150-1,Species
339,Strychnos dantaensis,,Strychnos,dantaensis,,,,,,,,,,,,,,,,,,,,,,,,,,Loganiaceae,Strychnos dantaensis,Strychnos dantaensis,77121342-1,77121342-1,Species
340,Strychnos darienensis,,Strychnos,darienensis,,,,,,,,,,,,,,,,,,,,,,,,,,Loganiaceae,Strychnos darienensis,Strychnos darienensis,547151-1,547151-1,Species
341,Strychnos davidsei,,Strychnos,davidsei,,,,,,,,,,,,,,,,,,,,,,,,,,Loganiaceae,Strychnos davidsei,Strychnos davidsei,247299-2,247299-2,Species
342,Strychnos decussata,,Strychnos,decussata,Yes,"61, 75","Isolated, L [61] Isolated, SB [75]",MIA [61]; MIA; bisindole [75],MIA glycoside [61]; MIA; bisindole [75],,,,,,,,,,,,,,,,,,,,,Loganiaceae,Strychnos decussata,Strychnos decussata,50426037-2,50426037-2,Species
343,Strychnos densiflora,,Strychnos,densiflora,,,,,,,,,,,,,,,,,,,,,,,,,,Loganiaceae,Strychnos densiflora,Strychnos densiflora,547156-1,547156-1,Species
344,Strychnos diaboli,,Strychnos,diaboli,Yes,68,"Isolated, B",MIA,MIA,,,,,,,,,,,,,,,,,,,,,Loganiaceae,Strychnos diaboli,Strychnos diaboli,247300-2,247300-2,Species
345,Strychnos dinhensis,,Strychnos,dinhensis,,,,,,,,,,,,,,,,,,,,,,,,,,Loganiaceae,Strychnos dinhensis,Strychnos dinhensis,547160-1,547160-1,Species
346,Strychnos dinklagei,,Strychnos,dinklagei,Yes,"89, 90, 91","Isolated, SB [89] Isolated, L [90] Isolated, B [91]",MIA [89/90]; pyridine [90]; bisindole [91],MIA [89/90]; pyridine [90]; bisindole [91],,,,,,,,,,,,,,,,,,,,,Loganiaceae,Strychnos dinklagei,Strychnos dinklagei,547161-1,547161-1,Species
347,Strychnos diplotricha,,Strychnos,diplotricha,Yes,42,"Isolated, SB",MIA,MIA,,Yes,42,,,,,,,,,,,,,,,,,,Loganiaceae,Strychnos diplotricha,Strychnos diplotricha,547162-1,547162-1,Species
348,Strychnos divaricans,,Strychnos,divaricans,Yes,"68, 73","Isolated, SB [68] Isolated, U [73]",MIA [68]; bisindole [73],MIA [68]; bisindole [73],,,,,,,,,,,,,,,,,,,,,Loganiaceae,Strychnos divaricans,Strychnos divaricans,247301-2,247301-2,Species
349,Strychnos dolichothyrsa,,Strychnos,dolichothyrsa,Yes,54,Detected (alkaloidal fraction),,,,,,,,,,,,,,,,,,,,,,,Loganiaceae,Strychnos dolichothyrsa,Strychnos dolichothyrsa,547167-1,547167-1,Species
350,Strychnos duckei,,Strychnos,duckei,,,,,,,,,,,,,,,,,,,,,,,,,,Loganiaceae,Strychnos duckei,Strychnos duckei,247302-2,247302-2,Species
351,Strychnos ecuadoriensis,,Strychnos,ecuadoriensis,,,,,,,,,,,,,,,,,,,,,,,,,,Loganiaceae,Strychnos ecuadoriensis,Strychnos ecuadoriensis,247303-2,247303-2,Species
352,Strychnos elaeocarpa,,Strychnos,elaeocarpa,Yes,75,"Isolated, SB",MIA; bisindole,MIA; bisindole,,,,,,,,,,,,,,,,,,,,,Loganiaceae,Strychnos elaeocarpa,Strychnos elaeocarpa,547178-1,547178-1,Species
353,Strychnos erichsonii,,Strychnos,erichsonii,Yes,49,"Isolated, SB",MIA,MIA,first vobasine-type alkaloid from Loganiaceae,,,,,,,,,,,,,,,,,,,,Loganiaceae,Strychnos erichsonii,Strychnos erichsonii,547183-1,547183-1,Species
354,Strychnos eugeniifolia,,Strychnos,eugeniifolia,,,,,,,,,,,,,,,,,,,,,,,,,,Loganiaceae,Strychnos eugeniifolia,Strychnos eugeniifolia,247305-2,247305-2,Species
355,Strychnos fallax,,Strychnos,fallax,,,,,,,,,,,,,,,,,,,,,,,,,,Loganiaceae,Strychnos fallax,Strychnos fallax,547189-1,547189-1,Species
356,Strychnos fendleri,,Strychnos,fendleri,Yes,76,"Isolated, U",MIA,MIA,,Yes,101,,,,,,,,,,,,,,,,,,Loganiaceae,Strychnos fendleri,Strychnos fendleri,247306-2,247306-2,Species
357,Strychnos flavescens,,Strychnos,flavescens,,,,,,,,,,,,,,,,,,,,,,,,,,Loganiaceae,Strychnos flavescens,Strychnos flavescens,547193-1,547193-1,Species
358,Strychnos floribunda,,Strychnos,floribunda,Yes,57,"Detected (TLC), L",MIA,MIA; pyridine,MIA are angustine type,,,,,,,,,,,,,,,,,,,,Loganiaceae,Strychnos floribunda,Strychnos floribunda,547195-1,547195-1,Species
359,Strychnos froesii,,Strychnos,froesii,Yes,68,"Isolated, SB",MIA,MIA,,,,,,,,,,,,,,,,,,,,,Loganiaceae,Strychnos froesii,Strychnos froesii,247307-2,247307-2,Species
360,Strychnos fulvotomentosa,,Strychnos,fulvotomentosa,,,,,,,,,,,,,,,,,,,,,,,,,,Loganiaceae,Strychnos fulvotomentosa,Strychnos fulvotomentosa,247308-2,247308-2,Species
361,Strychnos gardneri,,Strychnos,gardneri,Yes,44,"Isolated, RB",unclear,,,,,,,,,,,,,,,,,,,,,,Loganiaceae,Strychnos gardneri,Strychnos gardneri,547200-1,547200-1,Species
362,Strychnos gerrardii,,Strychnos,gerrardii,,,,,,,,,,,,,,,,,,,,,,,,,,Loganiaceae,Strychnos gerrardii,Strychnos gerrardii,547204-1,547204-1,Species
363,Strychnos glabra,,Strychnos,glabra,,,,,,,,,,,,,,,,,,,,,,,,,,Loganiaceae,Strychnos glabra,Strychnos glabra,547207-1,547207-1,Species
364,Strychnos gnetifolia,,Strychnos,gnetifolia,,,,,,,,,,,,,,,,,,,,,,,,,,Loganiaceae,Strychnos gnetifolia,Strychnos gnetifolia,547209-1,547209-1,Species
365,Strychnos goiasensis,,Strychnos,goiasensis,,,,,,,,,,,,,,,,,,,,,,,,,,Loganiaceae,Strychnos goiasensis,Strychnos goiasensis,247311-2,247311-2,Species
366,Strychnos gossweileri,,Strychnos,gossweileri,Yes,37,"Isolated, RB [37] / Isolated, RB [62]",quinoline [37]; MIA [62],quinoline; quinolizidine [37] / MIA [62],,,,,,Yes,Extraction,Vitro,Inactive,Weak [3],Yes [37],"IC50 = 12.4 ± 4.1 μg/mL (EtOAc R), >30 μg/mL (MeOH R) [3] IC50 = 43.5 (EtOH R, FCA 20) [37]","3, 37",,,,,,,,Loganiaceae,Strychnos gossweileri,Strychnos gossweileri,547213-1,547213-1,Species
367,Strychnos grayi,,Strychnos,grayi,,,,,,,,,,,,,,,,,,,,,,,,,,Loganiaceae,Strychnos grayi,Strychnos grayi,547216-1,547216-1,Species
368,Strychnos gubleri,,Strychnos,gubleri,,,,,,,,,,,,,,,,,,,,,,,,,,Loganiaceae,Strychnos gubleri,Strychnos gubleri,547217-1,547217-1,Species
369,Strychnos guianensis,,Strychnos,guianensis,Yes,"KN, 37","Isolated, U [KN] Isolated, SB [37]",MIA [KN]; bisindole [KN/37],MIA [KN]; bisindole; quarternary; beta carboline [KN/37],,,,,,Yes,Isolation,Vitro,Inactive,,Yes,"IC50 =3.694 & 4.561μg/mL [5.9 & 7.3 μM] (guianensine, FCA 20 & W2)",37,,,,,,,,Loganiaceae,Strychnos guianensis,Strychnos guianensis,547220-1,547220-1,Species
370,Strychnos henningsii,,Strychnos,henningsii,Yes,37,"Isolated, RB",MIA,MIA; peptide,Icajine-type MIA,Yes,"3, 20, 23, 100, 107",,,Yes,Extraction,Vitro,Inactive,"Weak [3, 25]",Yes [25],"IC50 = 15.9 ± 3.0 μg/mL (EtOAc L), >30 μg/mL (EtOAc S) [3] 73.39 ± 9.75 μg/mL (Aqeuous, B, ENT 30) 67.16 ± 8.70 μg/mL (Aqeuous, B, NF 54) 190.0 ± 16.85 μg/mL (MeOH, B, ENT 30) 157.91 ± 10.03 μg/mL (MeOH, B, NF 54) [25]","3, 25",,,,,,,,Loganiaceae,Strychnos henningsii,Strychnos henningsii,547225-1,547225-1,Species
371,Strychnos hirsuta,,Strychnos,hirsuta,,,,,,,,,,,,,,,,,,,,,,,,,,Loganiaceae,Strychnos hirsuta,Strychnos hirsuta,547232-1,547232-1,Species
372,Strychnos icaja,,Strychnos,icaja,Yes,"37, 51","Isolated, RB & L [37] Isolated, R [51]",MIA; bisindole [37]; trisindole [51],Indole; MIA; Peptide; bisindole [37] trisindole [51],Interesting MIA structure with a large macrocycle (see icajine for example). One bisindole is linked by 8-membered ring (containing both indole N atoms) [51],Yes,3,,,Yes,"Extraction, Isolation",Vitro,Active [7],Active [7] Weak [17],"Yes [7, 10, 15, 16, 37]","IC50  = 0.69 μg/ml ± 0.25 (MeOH R, 3D7) 0.42 μg/ml ± 0.22 (MeOH R, W2) 0.84 ± 0.05 (CH2Cl2 R, 3D7) 0.61 ± 0.35 μg/ml (CH2Cl2 R, W2) [7] 0.617 μM [0.411 μg/mL](Strychnogucine B, FCA 20) 0.529 μM [0.353 μg/mL](Strychnogucine B, FCB1-R) 0.085 μM [0.057 μg/mL] (Strychnogucine B, W2) [10] 0.551 μg/mL (18-hydroxyisosungucine, R, FCA 20) 0.091 μg/mL (18-hydroxyisosungucine, R, W2) [15] 0.41 μg/mL (strychnogucine B, R, FCA 20) 6.428 μg/mL (strychnogucine B, R, W2) 0.34 μg/mL (strychnogucine B, R, F32) 0.13 μg/mL (strychnogucine B, R, PFB) [16] ""moderately active"" (Strychnohexamine, R) [17] IC50 = 0.286 & 0.303 μg/mL (EtOAc R, FCA 20 & W2) [37]","7, 10, 15, 16, 17, 37",,,,,,,,Loganiaceae,Strychnos icaja,Strychnos icaja,547240-1,547240-1,Species
373,Strychnos ignatii,,Strychnos,ignatii,Yes,47,"Isolated, SB",MIA,MIA,,,,,,Yes,Extraction,Vitro,Inactive,Inactive [3],,IC50 = >30 μg/mL (EtOAc Se),3,,,,,,,,Loganiaceae,Strychnos ignatii,Strychnos ignatii,547242-1,547242-1,Species
374,Strychnos innocua,,Strychnos,innocua,,,,,,,Yes,43,,,Yes,Extraction,Vitro,Inactive,"Inactive [3, 37]",Yes [37],IC50 = >30 μg/mL (EtOAc S) [3] IC50 > 40 μg/mL [37],"3, 37",,,,,,,,Loganiaceae,Strychnos innocua,Strychnos innocua,547244-1,547244-1,Species
375,Strychnos jacarepiensis,,Strychnos,jacarepiensis,,,,,,,,,,,,,,,,,,,,,,,,,,Loganiaceae,Strychnos jacarepiensis,Strychnos jacarepiensis,77112473-1,77112473-1,Species
376,Strychnos javariensis,,Strychnos,javariensis,,,,,,,,,,,,,,,,,,,,,,,,,,Loganiaceae,Strychnos javariensis,Strychnos javariensis,247314-2,247314-2,Species
377,Strychnos jobertiana,,Strychnos,jobertiana,Yes,68,"Isolated, SB & RB",MIA,MIA,,,,,,,,,,,,,,,,,,,,,Loganiaceae,Strychnos jobertiana,Strychnos jobertiana,547247-1,547247-1,Species
378,Strychnos johnsonii,,Strychnos,johnsonii,Yes,39,"Isolated, U",MIA; bisindole,MIA; bisindole,,,,,,Yes,"Extraction, Isolation",Vitro,Inactive,"Weak [3, 39]",,"IC50 = >30 μg/mL (EtOAc L), 16.4 ± 1.8 μg/mL (EtOAc S) ,>30 μg/mL (EtOAc R) [3] IC50 = 5.70 & 7.7 & 2.15 [12.6 & 17.0 & 4.75 μM] (janussine B, FCA 20 & FCB1-R & W2) [39]","3, 39",,,,,,,,Loganiaceae,Strychnos johnsonii,Strychnos johnsonii,547248-1,547248-1,Species
379,Strychnos kasengaensis,,Strychnos,kasengaensis,Yes,"39, 72","Isolated, U [39] Isolated, RB & SB & L [72]",MIA; bisindole,MIA; bisindole,,,,,,Yes,Isolation,Vitro,Inactive,Weak [39],,"IC50 = 2.81 & 1.3 & 2.03 μg/mL [4.58 & 2.12 & 3.31 μM](16,17-dehydroisostrychnobiline, FCA 20 & FCB1-R & W2)",39,,,,,,,,Loganiaceae,Strychnos kasengaensis,Strychnos kasengaensis,547252-1,547252-1,Species
380,Strychnos krukoffiana,,Strychnos,krukoffiana,,,,,,,,,,,,,,,,,,,,,,,,,,Loganiaceae,Strychnos krukoffiana,Strychnos krukoffiana,247316-2,247316-2,Species
381,Strychnos lanata,,Strychnos,lanata,,,,,,,,,,,,,,,,,,,,,,,,,,Loganiaceae,Strychnos lanata,Strychnos lanata,547261-1,547261-1,Species
382,Strychnos ledermannii,,Strychnos,ledermannii,Yes,"57, 83","Detected (TLC), L & Fr [57] Isolated, L & S [83]",MIA,MIA; pyridine,MIA are angustine type,,,,,,,,,,,,,,,,,,,,Loganiaceae,Strychnos ledermannii,Strychnos ledermannii,547271-1,547271-1,Species
383,Strychnos leenhoutsii,,Strychnos,leenhoutsii,,,,,,,,,,,,,,,,,,,,,,,,,,Loganiaceae,Strychnos leenhoutsii,Strychnos leenhoutsii,547272-1,547272-1,Species
384,Strychnos lobelioides,,Strychnos,lobelioides,,,,,,,,,,,,,,,,,,,,,,,,,,Loganiaceae,Strychnos lobelioides,Strychnos lobelioides,247318-2,247318-2,Species
385,Strychnos longicaudata,,Strychnos,longicaudata,Yes,39,"Isolated, U",Pyridine; MIA; bisindole,pyridine; indole; MIA; indolizidine; bisindole,,,,,,Yes,Isolation,Vitro,Active [39],Inactive [37] Active [39],Yes [37],"IC50 > 50 μg/mL (EtOH R, FCA 20 [37] IC50 = 0.56 & 0.32 & 0.32 [ 0.986 & 0.560 & 0.569 μM] (longicaudatine, FCA 20 & FCB1-R & W2) [39]","37, 39",,,,,,,,Loganiaceae,Strychnos longicaudata,Strychnos longicaudata,60452498-2,60452498-2,Species
386,Strychnos lucens,,Strychnos,lucens,Yes,39,"Isolated, U",MIA,MIA,,,,,,Yes,Extraction,Vitro,Inactive,Inactive [3],,IC50 = >30 μg/mL (EtOAc L),3,,,,,,,,Loganiaceae,Strychnos lucens,Strychnos lucens,547293-1,547293-1,Species
387,Strychnos lucida,,Strychnos,lucida,Yes,"KN, 40","Isolated, U [KN] Detected (GC-MS), W [40]",MIA,MIA,,Yes,"22, 94",,,Yes,Fraction,Vitro,Active [40],"Active [22, 40]",,">80% Inhibition at 1000 μg/mL (W) [22] IC50 = 0.39 μg/mL (fraction F4 W, 3D7) [40]","22, 40 ",,,,,,,,Loganiaceae,Strychnos lucida,Strychnos lucida,547295-1,547295-1,Species
388,Strychnos luzonensis,,Strychnos,luzonensis,,,,,,,,,,,,,,,,,,,,,,,,,,Loganiaceae,Strychnos luzonensis,Strychnos luzonensis,547296-1,547296-1,Species
389,Strychnos madagascariensis,,Strychnos,madagascariensis,,,,,,,,,,,,,,,,,,,,,,,,,,Loganiaceae,Strychnos madagascariensis,Strychnos madagascariensis,547300-1,547300-1,Species
390,Strychnos maingayi,,Strychnos,maingayi,,,,,,,,,,,,,,,,,,,,,,,,,,Loganiaceae,Strychnos maingayi,Strychnos maingayi,547301-1,547301-1,Species
391,Strychnos malacoclados,,Strychnos,malacoclados,Yes,41,"Isolated, SB",bisindole; MIA,bisindole; MIA,,,,,,Yes,Isolation,Vitro,Active,Active [41],Yes,"IC50 = 0.388 & 0.326 μg/mL [0.68 & 0.57 μM] (longicaudatine Y, 3D7 & W2)",41,,,,,,,,Loganiaceae,Strychnos malacoclados,Strychnos malacoclados,547303-1,547303-1,Species
392,Strychnos malacosperma,,Strychnos,malacosperma,,,,,,,,,,,,,,,,,,,,,,,,,,Loganiaceae,Strychnos malacosperma,Strychnos malacosperma,247322-2,247322-2,Species
393,Strychnos malchairii,,Strychnos,malchairii,,,,,,,,,,,,,,,,,,,,,,,,,,Loganiaceae,Strychnos malchairii,Strychnos malchairii,547305-1,547305-1,Species
394,Strychnos matopensis,,Strychnos,matopensis,Yes,39,"Isolated, U",MIA; bisindole,MIA; bisindole,,,,,,Yes,Isolation,Vitro,Active,Active [39],,"IC50 = 0.32 & 0.92 & 0.07 μg/mL [0.54 & 1.54 & 0.122 μM] (16-methoxyisomatopensine, FCA 20 & FCB1-R& W2) ",39,,,,,,,,Loganiaceae,Strychnos matopensis,Strychnos matopensis,547312-1,547312-1,Species
395,Strychnos mattogrossensis,,Strychnos,mattogrossensis,Yes,79,"Isolated, R & Br",MIA,MIA,,,,,,Yes,Extraction,Vitro,Inactive,Inactive [37],Yes,"IC50 > 30 μg/mL (EtOH R, FCA 20)",37,,,,,,,,Loganiaceae,Strychnos mattogrossensis,Strychnos mattogrossensis,247325-2,247325-2,Species
396,Strychnos medeola,,Strychnos,medeola,,,,,,,,,,,,,,,,,,,,,,,,,,Loganiaceae,Strychnos medeola,Strychnos medeola,547316-1,547316-1,Species
397,Strychnos melanocarpa,,Strychnos,melanocarpa,,,,,,,,,,,,,,,,,,,,,,,,,,Loganiaceae,Strychnos melanocarpa,Strychnos melanocarpa,547318-1,547318-1,Species
398,Strychnos melastomatoides,,Strychnos,melastomatoides,,,,,,,,,,,,,,,,,,,,,,,,,,Loganiaceae,Strychnos melastomatoides,Strychnos melastomatoides,547319-1,547319-1,Species
399,Strychnos melinoniana,,Strychnos,melinoniana,Yes,68,"Isolated, SB",MIA,MIA,,,,,,,,,,,,,,,,,,,,,Loganiaceae,Strychnos melinoniana,Strychnos melinoniana,547320-1,547320-1,Species
400,Strychnos mellodora,,Strychnos,mellodora,Yes,KN/53,"Isolated, U [KN] Isolated, SB [53]",indole [KN]; MIA,MIA; glycosides,glucoindoles; indole is melinonine F,,,,,Yes,Extraction,Vitro,Inactive,Weak [3],,"IC50 = 13.4 μg/mL (EtOAc L), 29.5 μg/mL (MeOH L), 14.5 ± 1.5 μg/mL (EtOAc S), >30 μg/mL (MeOH S), 11.2 ± 3.6 μg/mL (EtOAc R), 25.4 ± 11.0 μg/mL (MeOH R)",3,,,,,,,,Loganiaceae,Strychnos mellodora,Strychnos mellodora,547322-1,547322-1,Species
401,Strychnos memecyloides,,Strychnos,memecyloides,,,,,,,,,,,Yes,Extraction,Vitro,Inactive,Weak [37],Yes,"IC50 = 13.489 μg/mL (EtOH L, FCA 20) [37]",37,,,,,,,,Loganiaceae,Strychnos memecyloides,Strychnos memecyloides,547324-1,547324-1,Species
402,Strychnos millepunctata,,Strychnos,millepunctata,,,,,,,,,,,,,,,,,,,,,,,,,,Loganiaceae,Strychnos millepunctata,Strychnos millepunctata,547332-1,547332-1,Species
403,Strychnos mimfiensis,,Strychnos,mimfiensis,,,,,,,,,,,,,,,,,,,,,,,,,,Loganiaceae,Strychnos mimfiensis,Strychnos mimfiensis,547334-1,547334-1,Species
404,Strychnos minor,,Strychnos,minor,Yes,57,"Detected (TLC), L & Fr",MIA,MIA; pyridine,MIA are angustine type,,,,,,,,,,,,,,,,,,,,Loganiaceae,Strychnos minor,Strychnos minor,547339-1,547339-1,Species
405,Strychnos mitis,,Strychnos,mitis,Yes,13,"Detected (standard phytochemical procedures), L",,,,Yes,13,,,Yes,Extraction,Vivo,Active [13],Active [13] Inactive [3],Yes [13],"IC50 = >30 μg/mL (EtOAc S) [3] 37%,81%,94% in vivo supression 200,400,600 mg/kg/day (aqueous extraction L, P. berghei) [13]","3,13",,,,,,,,Loganiaceae,Strychnos mitis,Strychnos mitis,547340-1,547340-1,Species
406,Strychnos mitscherlichii,,Strychnos,mitscherlichii,Yes,44,"Isolated, SB",MIA,MIA,,,,,,,,,,,,,,,,,,,,,Loganiaceae,Strychnos mitscherlichii,Strychnos mitscherlichii,547341-1,547341-1,Species
407,Strychnos moandaensis,,Strychnos,moandaensis,Yes,9,"Isolated, RB",bisindole,bisindole; zwitterionic,,,,,,Yes,Isolation,Vitro,Inactive,Weak,Yes,"IC50 = 11.2 μM (Moandaensine, FCA 20) [7.72 μg/mL] 9.2 μM (Moandaensine, W2) [6.34 μg/mL]",9,,,,,,,,Loganiaceae,Strychnos moandaensis,Strychnos moandaensis,547342-1,547342-1,Species
408,Strychnos mostueoides,,Strychnos,mostueoides,Yes,42,"Isolated, U",MIA,MIA,,,,,,,,,,,,,,,,,,,,,Loganiaceae,Strychnos mostueoides,Strychnos mostueoides,547349-1,547349-1,Species
409,Strychnos myrioneura,,Strychnos,myrioneura,,,,,,,,,,,,,,,,,,,,,,,,,,Loganiaceae,Strychnos myrioneura,Strychnos myrioneura,77222168-1,77222168-1,Species
410,Strychnos myrtoides,,Strychnos,myrtoides,Yes,38,"Isolated, U",MIA, indole; monoterpenoid; pyrrolidine,icajine-type MIA,Yes,98,,,Yes,"Extraction, Isolation",Vitro,Inactive,Inactive,No,"IC50 = 57.60 ± 5.50 μg/mL (Crude alkaloid extract, FCM 29) 73.08 ± 2.93 μg/mL (Strychnobrasiline, FCM 29) 69.12 ± 3.39 μg/mL (Malagashanine, FCM 29)",8,,,,,,,,Loganiaceae,Strychnos myrtoides,Strychnos myrtoides,547356-1,547356-1,Species
411,Strychnos nana,,Strychnos,nana,,,,,,,,,,,,,,,,,,,,,,,,,,Loganiaceae,Strychnos nana,Strychnos nana,77177752-1,77177752-1,Species
412,Strychnos narcondamensis,,Strychnos,narcondamensis,,,,,,,,,,,,,,,,,,,,,,,,,,Loganiaceae,Strychnos narcondamensis,Strychnos narcondamensis,547357-1,547357-1,Species
413,Strychnos ndengensis,,Strychnos,ndengensis,,,,,,,,,,,,,,,,,,,,,,,,,,Loganiaceae,Strychnos ndengensis,Strychnos ndengensis,547359-1,547359-1,Species
414,Strychnos neglecta,,Strychnos,neglecta,,,,,,,,,,,,,,,,,,,,,,,,,,Loganiaceae,Strychnos neglecta,Strychnos neglecta,247329-2,247329-2,Species
415,Strychnos ngouniensis,,Strychnos,ngouniensis,Yes,39,"Isolated, U",MIA,MIA; quarternary,,,,,,Yes,Isolation,Vitro,Inactive,Weak [39],,"IC50 = 2.19 & 4.57 & 4.43 μg/mL [7.8 & 16.3 & 15.8 μM] (epingouniensine, FCA 20 & FCB1-R & W2)",39,,,,,,,,Loganiaceae,Strychnos ngouniensis,Strychnos ngouniensis,547361-1,547361-1,Species
416,Strychnos nicaraguensis,,Strychnos,nicaraguensis,,,,,,,,,,,,,,,,,,,,,,,,,,Loganiaceae,Strychnos nicaraguensis,Strychnos nicaraguensis,285708-2,285708-2,Species
417,Strychnos nigricans,,Strychnos,nigricans,,,,,,,,,,,,,,,,,,,,,,,,,,Loganiaceae,Strychnos nigricans,Strychnos nigricans,547364-1,547364-1,Species
418,Strychnos nigritana,,Strychnos,nigritana,,,,,,,,,,,,,,,,,,,,,,,,,,Loganiaceae,Strychnos nigritana,Strychnos nigritana,547365-1,547365-1,Species
419,Strychnos nitida,,Strychnos,nitida,Yes,"59, 84","Isolated, T [59] Isolated, T [84]",MIA; indole,MIA; indole; piperidine; glucoindoles (MIAs),non MIA indoles are pyridocarbazoles. ADD AS NEW CATEGORY IF OU SEE MORE,,,,,,,,,,,,,,,,,,,,Loganiaceae,Strychnos nitida,Strychnos nitida,547367-1,547367-1,Species
420,Strychnos nux-blanda,,Strychnos,nux-blanda,Yes,77,"Isolated, Fr",Pyrrole,pyrrole,pyrrole/indolizidine skeleton. Aromatic so calling it pyrrole,Yes,77,,,,,,,,,,,,,,,,,,Loganiaceae,Strychnos nux-blanda,Strychnos nux-blanda,547370-1,547370-1,Species
421,Strychnos nux-vomica,,Strychnos,nux-vomica,Yes,19,"Isolated, SB",bisindole; MIA,bisindole; MIA,,Yes,"95, 105",Yes,"19, 96",Yes,Isolation,Vitro,Inactive,Active [19] Inactive [3],Yes [19],"IC50 = >30 μg/mL (EtOAc S) [3] 4.9 ± 1.0 μg/mL [8.4 μM] (strychnochrysine, B, 3D7) 6.0 ± 2.4 μg/mL [10.3 μM] (strychnochrysine, B, W2) [19]","3, 19",,,,,,Yes,108.0,Loganiaceae,Strychnos nux-vomica,Strychnos nux-vomica,547371-1,547371-1,Species
422,Strychnos odorata,,Strychnos,odorata,Yes,57,"Detected (TLC), L & Fr",MIA,MIA; pyridine,MIA are angustine type,,,,,,,,,,,,,,,,,,,,Loganiaceae,Strychnos odorata,Strychnos odorata,547375-1,547375-1,Species
423,Strychnos oiapocensis,,Strychnos,oiapocensis,,,,,,,,,,,,,,,,,,,,,,,,,,Loganiaceae,Strychnos oiapocensis,Strychnos oiapocensis,247332-2,247332-2,Species
424,Strychnos oleifolia,,Strychnos,oleifolia,,,,,,,,,,,,,,,,,,,,,,,,,,Loganiaceae,Strychnos oleifolia,Strychnos oleifolia,547378-1,547378-1,Species
425,Strychnos ovata,,Strychnos,ovata,Yes,57,"Detected (TLC), L & Fr",MIA,MIA; pyridine,MIA are angustine type,,,,,,,,,,,,,,,,,,,,Loganiaceae,Strychnos ovata,Strychnos ovata,547385-1,547385-1,Species
426,Strychnos pachycarpa,,Strychnos,pachycarpa,,,,,,,,,,,,,,,,,,,,,,,,,,Loganiaceae,Strychnos pachycarpa,Strychnos pachycarpa,247334-2,247334-2,Species
427,Strychnos panamensis,,Strychnos,panamensis,Yes,45/68,"Isolated, U [45] Isolated, Se [68]",MIA,MIA,,Yes,101,,,,,,,,,,,,,,,,,,Loganiaceae,Strychnos panamensis,Strychnos panamensis,547390-1,547390-1,Species
428,Strychnos panganensis,,Strychnos,panganensis,Yes,39/81,"Isolated, U [39] Isolated, RB [81]",MIA [81]; bisindole,MIA [81]; bisindole,,,,,,Yes,Isolation,Vitro,Inactive,Weak [39],,"IC50 = 5.62 & 3.03 & >11.5 μg/mL [9.77 & 5.27 & >20 μM] (S-panganensine, FCA 20 & FCB1-R & W2) ",39,,,,,,,,Loganiaceae,Strychnos panganensis,Strychnos panganensis,547392-1,547392-1,Species
429,Strychnos parviflora,,Strychnos,parviflora,,,,,,,,,,,,,,,,,,,,,,,,,,Loganiaceae,Strychnos parviflora,Strychnos parviflora,547398-1,547398-1,Species
430,Strychnos parvifolia,,Strychnos,parvifolia,Yes,68,"Isolated, SB",MIA,MIA,,,,,,,,,,,,,,,,,,,,,Loganiaceae,Strychnos parvifolia,Strychnos parvifolia,547399-1,547399-1,Species
431,Strychnos peckii,,Strychnos,peckii,,,,,,,,,,,,,,,,,,,,,,,,,,Loganiaceae,Strychnos peckii,Strychnos peckii,547401-1,547401-1,Species
432,Strychnos penninervis,,Strychnos,penninervis,,,,,,,,,,,,,,,,,,,,,,,,,,Loganiaceae,Strychnos penninervis,Strychnos penninervis,547405-1,547405-1,Species
433,Strychnos pentantha,,Strychnos,pentantha,,,,,,,,,,,,,,,,,,,,,,,,,,Loganiaceae,Strychnos pentantha,Strychnos pentantha,547406-1,547406-1,Species
434,Strychnos phaeotricha,,Strychnos,phaeotricha,,,,,,,,,,,Yes,Extraction,Vitro,Inactive,Inactive [3],,IC50 = >30 μg/mL (EtOAc L),3,,,,,,,,Loganiaceae,Strychnos phaeotricha,Strychnos phaeotricha,547408-1,547408-1,Species
435,Strychnos poeppigii,,Strychnos,poeppigii,,,,,,,,,,,,,,,,,,,,,,,,,,Loganiaceae,Strychnos poeppigii,Strychnos poeppigii,547415-1,547415-1,Species
436,Strychnos polyantha,,Strychnos,polyantha,,,,,,,,,,,,,,,,,,,,,,,,,,Loganiaceae,Strychnos polyantha,Strychnos polyantha,547416-1,547416-1,Species
437,Strychnos polytrichantha,,Strychnos,polytrichantha,,,,,,,,,,,,,,,,,,,,,,,,,,Loganiaceae,Strychnos polytrichantha,Strychnos polytrichantha,547419-1,547419-1,Species
438,Strychnos potatorum,,Strychnos,potatorum,Yes,39,"Isolated, U",MIA; bisindole,MIA; bisindole,,Yes,24,,,Yes,Isolation,Vitro,Active [39],Inactive [3] Active [39],,"IC50 = >30 μg/mL (EtOAc S) [3] IC50 = 0.05 & 0.12 & 0.22 [ 0.118 & 0.266 & 0.492 μM] (ochrolifuanine A, FCA 20 & FCB1-R & W2) [39]","3, 39",,,,,,,,Loganiaceae,Strychnos potatorum,Strychnos potatorum,547420-1,547420-1,Species
439,Strychnos progeliana,,Strychnos,progeliana,,,,,,,,,,,,,,,,,,,,,,,,,,Loganiaceae,Strychnos progeliana,Strychnos progeliana,247341-2,247341-2,Species
440,Strychnos pseudoquina,,Strychnos,pseudoquina,Yes,"4, 71","Detected (Dragendorff or H2SO4), B [4]; Isolated, L [71]",MIA,MIA,,Yes,"4, 71, 101",Yes,71,Yes,Extraction,Vivo,Active [21],Active [21],,"10% inhibition at 1000 mg/kg, mice, (EtOH B, P. berghei NK-65) [4] 56% inhibition at 1000 mg/kg, mice, (P. berghei) [21]","4, 21",,,,,,,,Loganiaceae,Strychnos pseudoquina,Strychnos pseudoquina,547425-1,547425-1,Species
441,Strychnos psilosperma,,Strychnos,psilosperma,Yes,86,"Isolated, U",MIA,MIA,,,,,,,,,,,,,,,,,,,,,Loganiaceae,Strychnos psilosperma,Strychnos psilosperma,547427-1,547427-1,Species
442,Strychnos puberula,,Strychnos,puberula,,,,,,,,,,,,,,,,,,,,,,,,,,Loganiaceae,Strychnos puberula,Strychnos puberula,77119500-1,77119500-1,Species
443,Strychnos pubescens,,Strychnos,pubescens,,,,,,,,,,,,,,,,,,,,,,,,,,Loganiaceae,Strychnos pubescens,Strychnos pubescens,547428-1,547428-1,Species
444,Strychnos pubiflora,,Strychnos,pubiflora,,,,,,,,,,,,,,,,,,,,,,,,,,Loganiaceae,Strychnos pubiflora,Strychnos pubiflora,247343-2,247343-2,Species
445,Strychnos pungens,,Strychnos,pungens,Yes,39,"Isolated, U",Pyridine; MIA,pyridine; indole; quinolizidine,,,,,,Yes,"Extraction, Isolation",Vitro,Inactive,"Inactive [3, 39]",,"IC50 = >30 μg/mL (EtOAc L), >30 μg/mL (EtOAc S) ,>30 μg/mL (EtOAc R) [3] Inactive (3 compounds tested) [39]","3, 39",,,,,,,,Loganiaceae,Strychnos pungens,Strychnos pungens,547430-1,547430-1,Species
446,Strychnos ramentifera,,Strychnos,ramentifera,,,,,,,,,,,,,,,,,,,,,,,,,,Loganiaceae,Strychnos ramentifera,Strychnos ramentifera,247344-2,247344-2,Species
447,Strychnos recognita,,Strychnos,recognita,,,,,,,,,,,,,,,,,,,,,,,,,,Loganiaceae,Strychnos recognita,Strychnos recognita,247345-2,247345-2,Species
448,Strychnos retinervis,,Strychnos,retinervis,,,,,,,,,,,,,,,,,,,,,,,,,,Loganiaceae,Strychnos retinervis,Strychnos retinervis,547443-1,547443-1,Species
449,Strychnos ridleyi,,Strychnos,ridleyi,,,,,,,,,,,,,,,,,,,,,,,,,,Loganiaceae,Strychnos ridleyi,Strychnos ridleyi,547448-1,547448-1,Species
450,Strychnos romeu-belenii,,Strychnos,romeu-belenii,,,,,,,,,,,,,,,,,,,,,,,,,,Loganiaceae,Strychnos romeu-belenii,Strychnos romeu-belenii,247347-2,247347-2,Species
451,Strychnos rondeletioides,,Strychnos,rondeletioides,Yes,68,"Isolated, SB & RB",,,,,,,,,,,,,,,,,,,,,,,Loganiaceae,Strychnos rondeletioides,Strychnos rondeletioides,547453-1,547453-1,Species
452,Strychnos rubiginosa,,Strychnos,rubiginosa,Yes,52,"Isolated, RB",MIA,indole; quinolizidine,,,,,,,,,,,,,,,,,,,,,Loganiaceae,Strychnos rubiginosa,Strychnos rubiginosa,547455-1,547455-1,Species
453,Strychnos rufa,,Strychnos,rufa,,,,,,,,,,,,,,,,,,,,,,,,,,Loganiaceae,Strychnos rufa,Strychnos rufa,547456-1,547456-1,Species
454,Strychnos rupicola,,Strychnos,rupicola,,,,,,,,,,,,,,,,,,,,,,,,,,Loganiaceae,Strychnos rupicola,Strychnos rupicola,547458-1,547458-1,Species
455,Strychnos samba,,Strychnos,samba,Yes,57,"Detected (TLC), L",MIA,MIA; pyridine,MIA are angustine type,,,,,,,,,,,,,,,,,,,,Loganiaceae,Strychnos samba,Strychnos samba,547459-1,547459-1,Species
456,Strychnos sandwithiana,,Strychnos,sandwithiana,,,,,,,,,,,,,,,,,,,,,,,,,,Loganiaceae,Strychnos sandwithiana,Strychnos sandwithiana,247349-2,247349-2,Species
457,Strychnos scheffleri,,Strychnos,scheffleri,Yes,46,"Isolated, SB",MIA,indole; ,icajine-type MIA,,,,,Yes,Extraction,Vitro,Inactive,Weak [3],,"IC50 = 21.2 μg/mL (EtOAc L), >30 μg/mL (EtOAc S)",3,,,,,,,,Loganiaceae,Strychnos scheffleri,Strychnos scheffleri,547464-1,547464-1,Species
458,Strychnos schultesiana,,Strychnos,schultesiana,,,,,,,,,,,,,,,,,,,,,,,,,,Loganiaceae,Strychnos schultesiana,Strychnos schultesiana,247350-2,247350-2,Species
459,Strychnos schunkei,,Strychnos,schunkei,,,,,,,,,,,,,,,,,,,,,,,,,,Loganiaceae,Strychnos schunkei,Strychnos schunkei,247351-2,247351-2,Species
460,Strychnos setosa,,Strychnos,setosa,,,,,,,,,,,,,,,,,,,,,,,,,,Loganiaceae,Strychnos setosa,Strychnos setosa,247353-2,247353-2,Species
461,Strychnos solerederi,,Strychnos,solerederi,Yes,68,"Isolated, SB & RB",MIA,MIA,,,,,,,,,,,,,,,,,,,,,Loganiaceae,Strychnos solerederi,Strychnos solerederi,247355-2,247355-2,Species
462,Strychnos solimoesana,,Strychnos,solimoesana,,,,,,,,,,,,,,,,,,,,,,,,,,Loganiaceae,Strychnos solimoesana,Strychnos solimoesana,247356-2,247356-2,Species
463,Strychnos sonlaensis,,Strychnos,sonlaensis,,,,,,,,,,,,,,,,,,,,,,,,,,Loganiaceae,Strychnos sonlaensis,Strychnos sonlaensis,931166-1,931166-1,Species
464,Strychnos soubrensis,,Strychnos,soubrensis,Yes,"66, 76","Isolated, SB [66]; Isolated, B [76]",MIA,MIA,,,,,,,,,,,,,,,,,,,,,Loganiaceae,Strychnos soubrensis,Strychnos soubrensis,547483-1,547483-1,Species
465,Strychnos spinosa,,Strychnos,spinosa,Yes,80,"Isolated, SB",MIA,MIA,,Yes,"3, 28, 43, 97, 106",,,Yes,Extraction,Vitro,Active [5],"Weak [28] Inactive [3, 37] Active [5]","Yes [28, 37]","IC50 = >30 μg/mL (EtOAc S) [3] IC50 = 15.6 ± 3.8 μg/mL (CH2Cl2 L, 3D7), > 100 μg/mL (CH3OH L, 3D7),> 100 μg/mL (H2O L, 3D7), 8.9 ± 2.1 μg/mL (CH2Cl2 L, W2) [5] 21.8 ± 6.7 μg/mL (EtOH, B, FcB1) [28] IC50 > 80 μg/mL (EtOH B, FCA 20) [37]","3,5, 28, 37",,,,,,,,Loganiaceae,Strychnos spinosa,Strychnos spinosa,547485-1,547485-1,Species
466,Strychnos splendens,,Strychnos,splendens,Yes,67,"Isolated, L & TrB & Fr",MIA,MIA,,,,,,,,,,,,,,,,,,,,,Loganiaceae,Strychnos splendens,Strychnos splendens,547487-1,547487-1,Species
467,Strychnos staudtii,,Strychnos,staudtii,Yes,"39, 50","Isolated, U [39] Isolated, RB & SB & L [50]",MIA,MIA,,,,,,,,,,,,,,,,,,,,,Loganiaceae,Strychnos staudtii,Strychnos staudtii,547488-1,547488-1,Species
468,Strychnos subcordata,,Strychnos,subcordata,Yes,68,"Isolated, SB",MIA,MIA,,,,,,,,,,,,,,,,,,,,,Loganiaceae,Strychnos subcordata,Strychnos subcordata,547493-1,547493-1,Species
469,Strychnos tabascana,,Strychnos,tabascana,Yes,76,"Isolated, U",MIA,MIA,,,,,,,,,,,,,,,,,,,,,Loganiaceae,Strychnos tabascana,Strychnos tabascana,247358-2,247358-2,Species
470,Strychnos talbotiae,,Strychnos,talbotiae,,,,,,,,,,,,,,,,,,,,,,,,,,Loganiaceae,Strychnos talbotiae,Strychnos talbotiae,547502-1,547502-1,Species
471,Strychnos tarapotensis,,Strychnos,tarapotensis,,,,,,,,,,,,,,,,,,,,,,,,,,Loganiaceae,Strychnos tarapotensis,Strychnos tarapotensis,247359-2,247359-2,Species
472,Strychnos tchibangensis,,Strychnos,tchibangensis,Yes,70,"Isolated, RB & SB",bisindole,bisindole,,,,,,,,,,,,,,,,,,,,,Loganiaceae,Strychnos tchibangensis,Strychnos tchibangensis,547504-1,547504-1,Species
473,Strychnos ternata,,Strychnos,ternata,,,,,,,,,,,,,,,,,,,,,,,,,,Loganiaceae,Strychnos ternata,Strychnos ternata,547508-1,547508-1,Species
474,Strychnos tetragona,,Strychnos,tetragona,,,,,,,,,,,,,,,,,,,,,,,,,,Loganiaceae,Strychnos tetragona,Strychnos tetragona,547511-1,547511-1,Species
475,Strychnos thorelii,,Strychnos,thorelii,,,,,,,,,,,,,,,,,,,,,,,,,,Loganiaceae,Strychnos thorelii,Strychnos thorelii,547514-1,547514-1,Species
476,Strychnos tomentosa,,Strychnos,tomentosa,,,,,,,,,,,,,,,,,,,,,,,,,,Loganiaceae,Strychnos tomentosa,Strychnos tomentosa,547520-1,547520-1,Species
477,Strychnos torresiana,,Strychnos,torresiana,,,,,,,,,,,,,,,,,,,,,,,,,,Loganiaceae,Strychnos torresiana,Strychnos torresiana,247362-2,247362-2,Species
478,Strychnos toxifera,,Strychnos,toxifera,Yes,65,"Isolated, B",MIA,MIA,,,,,,,,,,,,,,,,,,,,,Loganiaceae,Strychnos toxifera,Strychnos toxifera,547525-1,547525-1,Species
479,Strychnos tricalysioides,,Strychnos,tricalysioides,,,,,,,,,,,,,,,,,,,,,,,,,,Loganiaceae,Strychnos tricalysioides,Strychnos tricalysioides,547527-1,547527-1,Species
480,Strychnos trichocalyx,,Strychnos,trichocalyx,,,,,,,,,,,,,,,,,,,,,,,,,,Loganiaceae,Strychnos trichocalyx,Strychnos trichocalyx,547529-1,547529-1,Species
481,Strychnos trichoneura,,Strychnos,trichoneura,,,,,,,,,,,,,,,,,,,,,,,,,,Loganiaceae,Strychnos trichoneura,Strychnos trichoneura,547530-1,547530-1,Species
482,Strychnos trinervis,,Strychnos,trinervis,Yes,74,"Isolated, R",MIA; bisindole,MIA; bisindole,,Yes,101,,,,,,,,,,,,,,,,,,Loganiaceae,Strychnos trinervis,Strychnos trinervis,77221793-1,77221793-1,Species
483,Strychnos tseasnum,,Strychnos,tseasnum,,,,,,,,,,,,,,,,,,,,,,,,,,Loganiaceae,Strychnos tseasnum,Strychnos tseasnum,247364-2,247364-2,Species
484,Strychnos umbellata,,Strychnos,umbellata,Yes,57,"Detected (TLC), L & Fr",MIA,MIA; pyridine,MIA are angustine type,,,,,,,,,,,,,,,,,,,,Loganiaceae,Strychnos umbellata,Strychnos umbellata,547538-1,547538-1,Species
485,Strychnos urceolata,,Strychnos,urceolata,,,,,,,,,,,,,,,,,,,,,,,,,,Loganiaceae,Strychnos urceolata,Strychnos urceolata,547542-1,547542-1,Species
486,Strychnos usambarensis,,Strychnos,usambarensis,Yes,37,"Isolated, RB & L & SB",Bisindole; MIA,Bisindole; indole; beta-carboline; MIA; pyrrolidine,Most bisindoles appear to be derived from two tryptamine units linked by a single monoterpene skeleton. One bisindole has 2 monoterpene units (one for each indole),Yes,"99, 103",,,Yes,"Extraction, Isolation",Vitro,Active,Active [14],"Yes [6, 11, 14, 18, 37]","IC50 = 0.480 ± 0.014 μg/mL (10′-hydroxyusambarensine base, FCA), 0.655 ± 0.013 μg/mL (usambarensine base, FCA), 0.160 ± 0.016 μg/mL (10′-hydroxyusambarensine base, W2), 0.265 ± 0.023 μg/mL (usambarensine base, W2) [6] 5.5 μM [1.36 μg/mL] (17-O-acetyl,10-hydroxycorynantheol 1,L, 3D7), 11.2 μM [2.77 μg/mL](17-O-acetyl,10-hydroxycorynantheol 1,L, W2) [11] 0.117 μM [0.06 μg/mL] (Strychnopentamine, L, FCA 20) 0.145 μM [0.08 μg/mL] (Strychnopentamine, L, W2) [14] 0.12 ± 0.042 μM [0.07 μg/mL] (Isostrychnopentamine, L, FCA 20) [18] IC50 = 0.457 & 0.039 μg/mL (EtOAc R, FCA 20 & W2) [37]","6, 11, 14, 18, 37",,,,,,,,Loganiaceae,Strychnos usambarensis,Strychnos usambarensis,547543-1,547543-1,Species
487,Strychnos vanprukii,,Strychnos,vanprukii,Yes,"57, 60","Detected (TLC), L & Fr [57] Isolated, S [60]",MIA ,MIA; pyridine [57] beta carboline; glucoindole [60],MIA are angustine type [57] ,,,,,,,,,,,,,,,,,,,,Loganiaceae,Strychnos vanprukii,Strychnos vanprukii,547548-1,547548-1,Species
488,Strychnos variabilis,,Strychnos,variabilis,Yes,58,"Isolated, RB",MIA,MIA,,,,,,Yes,Extraction,Vitro,Active [3],Active [3] Weak [37],Yes [37],"IC50 = >30 μg/mL (EtOAc S), >30 μg/mL (MeOH S), 2.5 ± 0.2 μg/mL (EtOAc R), 2.3 ± 0.5 μg/mL (MeOH R) [3] IC50 = 17.702 (EtOH B, FCA20) [37]","3, 37",,,,,,,,Loganiaceae,Strychnos variabilis,Strychnos variabilis,547549-1,547549-1,Species
489,Strychnos villosa,,Strychnos,villosa,,,,,,,,,,,,,,,,,,,,,,,,,,Loganiaceae,Strychnos villosa,Strychnos villosa,547553-1,547553-1,Species
490,Strychnos vitiensis,,Strychnos,vitiensis,,,,,,,,,,,,,,,,,,,,,,,,,,Loganiaceae,Strychnos vitiensis,Strychnos vitiensis,547557-1,547557-1,Species
491,Strychnos wallichiana,,Strychnos,wallichiana,Yes,56/63,"Detected (paper chromatograpy), Se & pericarp & S & L [56] Isolated, L [63]",MIA,MIA,strychnine and brucine,Yes,12,,,Yes,Extraction,Vitro,Inactive,Active,Yes,"IC50 = 12.0 ± 2.5 μg/mL (MeOH, MRC-2)",12,,,,,,,,Loganiaceae,Strychnos wallichiana,Strychnos wallichiana,547566-1,547566-1,Species
492,Strychnos xantha,,Strychnos,xantha,Yes,39,"Isolated, U",MIA,MIA; quinolizidine,geissoschizol,,,,,,,,,,,,,,,,,,,,Loganiaceae,Strychnos xantha,Strychnos xantha,547569-1,547569-1,Species
493,Strychnos xylophylla,,Strychnos,xylophylla,,,,,,,,,,,,,,,,,,,,,,,,,,Loganiaceae,Strychnos xylophylla,Strychnos xylophylla,547572-1,547572-1,Species
494,Strychnos zenkeri,,Strychnos,zenkeri,,,,,,,,,,,,,,,,,,,,,,,,,,Loganiaceae,Strychnos zenkeri,Strychnos zenkeri,547574-1,547574-1,Species
495,Usteria guineensis,NRIF (1 sp.),Usteria,guineensis,,,,,,,Yes,93,,,,,,,,,,,,,,,,,,Loganiaceae,Usteria guineensis,Usteria guineensis,547612-1,547612-1,Species
